# Oscilloscope Data

# Seconds	force_sensor_L.filtered_adc
0.000	32751
0.012	32750
0.019	32748
0.029	32749
0.039	32746
0.049	32750
0.059	32753
0.069	32749
0.079	32750
0.089	32751
0.099	32751
0.109	32749
0.119	32755
0.129	32751
0.139	32751
0.149	32751
0.159	32747
0.169	32747
0.179	32745
0.189	32748
0.199	32748
0.209	32751
0.219	32750
0.229	32749
0.239	32748
0.249	32746
0.259	32749
0.269	32745
0.279	32749
0.289	32749
0.299	32749
0.309	32747
0.319	32748
0.329	32751
0.341	32745
0.351	32748
0.369	32748
0.372	32752
0.379	32749
0.389	32744
0.399	32750
0.409	32746
0.419	32748
0.429	32747
0.439	32751
0.449	32749
0.459	32748
0.469	32745
0.479	32749
0.489	32749
0.499	32745
0.509	32750
0.519	32749
0.529	32749
0.539	32742
0.549	32746
0.559	32748
0.569	32751
0.580	32749
0.591	32750
0.601	32749
0.611	32749
0.621	32749
0.629	32746
0.639	32749
0.649	32746
0.659	32746
0.669	32745
0.679	32748
0.689	32749
0.699	32750
0.709	32748
0.719	32749
0.729	32748
0.739	32750
0.749	32746
0.759	32746
0.769	32748
0.779	32750
0.790	32750
0.799	32748
0.809	32748
0.819	32747
0.829	32748
0.839	32745
0.849	32752
0.859	32750
0.869	32751
0.879	32747
0.889	32751
0.899	32749
0.909	32751
0.919	32751
0.929	32752
0.953	32749
0.970	32749
0.989	32750
1.009	32747
1.017	32749
1.036	32749
1.039	32750
1.049	32750
1.078	32748
1.087	32750
1.093	32748
1.121	32749
1.137	32751
1.153	32746
1.173	32748
1.182	32749
1.189	32746
1.199	32748
1.220	32746
1.239	32748
1.249	32749
1.259	32746
1.287	32749
1.298	32746
1.310	32750
1.319	32751
1.329	32746
1.339	32751
1.354	32743
1.359	32745
1.369	32744
1.379	32752
1.389	32746
1.399	32748
1.409	32747
1.419	32749
1.429	32746
1.439	32749
1.449	32752
1.459	32747
1.469	32751
1.479	32745
1.489	32744
1.499	32740
1.509	32743
1.519	32713
1.529	32716
1.539	32718
1.549	32705
1.559	32686
1.569	32685
1.579	32679
1.589	32673
1.599	32676
1.609	32681
1.619	32692
1.629	32701
1.639	32725
1.649	32727
1.659	32744
1.669	32745
1.679	32752
1.689	32750
1.699	32752
1.709	32750
1.719	32753
1.729	32757
1.739	32760
1.749	32761
1.759	32761
1.769	32760
1.779	32760
1.789	32761
1.799	32759
1.809	32758
1.819	32759
1.829	32754
1.839	32758
1.849	32763
1.859	32764
1.869	32764
1.879	32756
1.889	32752
1.899	32745
1.909	32729
1.919	32708
1.929	32681
1.939	32697
1.949	32725
1.959	32729
1.969	32707
1.979	32701
1.989	32693
1.999	32725
2.009	32702
2.019	32692
2.029	32705
2.039	32716
2.049	32735
2.059	32747
2.069	32751
2.079	32757
2.089	32761
2.099	32761
2.109	32762
2.119	32762
2.129	32759
2.139	32754
2.149	32752
2.159	32755
2.169	32757
2.179	32762
2.190	32764
2.199	32767
2.209	32767
2.219	32767
2.229	32766
2.239	32767
2.249	32767
2.259	32768
2.269	32769
2.279	32771
2.289	32774
2.299	32778
2.309	32783
2.319	32797
2.329	32812
2.339	32835
2.349	32868
2.359	32880
2.369	32885
2.379	32889
2.389	32896
2.399	32896
2.409	32887
2.419	32894
2.429	32911
2.439	32927
2.449	32939
2.459	32958
2.469	32920
2.479	32925
2.489	32963
2.499	32974
2.509	32994
2.519	33023
2.529	33038
2.539	33060
2.549	33074
2.559	33091
2.569	33110
2.579	33130
2.589	33152
2.599	33161
2.609	33197
2.619	33231
2.629	33292
2.639	33319
2.649	33350
2.659	33391
2.669	33455
2.679	33482
2.689	33521
2.699	33557
2.709	33587
2.719	33635
2.729	33669
2.739	33706
2.749	33747
2.759	33789
2.769	33819
2.779	33831
2.789	33840
2.799	33864
2.809	33875
2.819	33879
2.829	33883
2.839	33884
2.849	33886
2.859	33892
2.869	33904
2.879	33928
2.889	33953
2.899	33981
2.909	34001
2.919	34025
2.929	34046
2.939	34071
2.949	34091
2.959	34096
2.969	34105
2.979	34115
2.989	34123
2.999	34125
3.009	34123
3.019	34115
3.029	34096
3.039	34094
3.049	34096
3.059	34095
3.069	34083
3.079	34061
3.089	34031
3.099	33999
3.109	33962
3.119	33918
3.129	33873
3.139	33821
3.149	33774
3.159	33734
3.169	33700
3.179	33672
3.189	33667
3.199	33650
3.209	33633
3.219	33604
3.229	33579
3.239	33547
3.249	33514
3.259	33487
3.269	33454
3.279	33434
3.289	33427
3.299	33423
3.309	33415
3.319	33404
3.329	33377
3.339	33353
3.349	33314
3.359	33266
3.369	33221
3.379	33185
3.389	33144
3.399	33125
3.409	33116
3.419	33116
3.429	33111
3.439	33091
3.449	33069
3.459	33055
3.469	33008
3.479	32958
3.489	32851
3.499	32812
3.509	32832
3.519	32824
3.529	32790
3.539	32774
3.549	32769
3.559	32767
3.569	32766
3.579	32764
3.589	32759
3.599	32755
3.609	32757
3.619	32755
3.629	32751
3.639	32757
3.649	32756
3.659	32755
3.669	32755
3.679	32755
3.689	32751
3.699	32752
3.709	32752
3.719	32754
3.729	32755
3.739	32754
3.749	32755
3.759	32758
3.769	32755
3.779	32756
3.789	32755
3.799	32759
3.809	32759
3.819	32760
3.829	32761
3.839	32759
3.849	32759
3.859	32757
3.869	32754
3.879	32757
3.889	32754
3.899	32754
3.909	32756
3.919	32757
3.929	32757
3.939	32757
3.949	32758
3.959	32755
3.969	32758
3.984	32759
3.989	32758
3.999	32755
4.009	32758
4.019	32757
4.029	32758
4.039	32754
4.049	32757
4.059	32758
4.069	32762
4.079	32762
4.089	32761
4.099	32761
4.109	32762
4.119	32759
4.129	32760
4.139	32757
4.149	32755
4.159	32759
4.169	32758
4.179	32757
4.189	32760
4.199	32763
4.209	32763
4.219	32761
4.229	32764
4.239	32761
4.249	32761
4.259	32759
4.269	32760
4.279	32761
4.289	32761
4.299	32764
4.309	32764
4.319	32762
4.329	32764
4.339	32766
4.349	32765
4.359	32765
4.369	32765
4.379	32765
4.389	32765
4.399	32763
4.409	32760
4.419	32758
4.429	32757
4.439	32754
4.449	32755
4.459	32751
4.469	32750
4.479	32751
4.489	32747
4.499	32742
4.509	32737
4.519	32726
4.529	32737
4.539	32739
4.549	32736
4.559	32738
4.569	32737
4.579	32736
4.589	32738
4.599	32738
4.609	32741
4.619	32743
4.629	32749
4.639	32748
4.649	32752
4.659	32749
4.669	32752
4.679	32756
4.689	32755
4.699	32753
4.709	32749
4.719	32750
4.729	32752
4.739	32749
4.749	32755
4.759	32757
4.769	32753
4.779	32755
4.789	32757
4.799	32755
4.809	32751
4.819	32749
4.829	32750
4.839	32746
4.849	32745
4.859	32747
4.869	32737
4.879	32728
4.889	32725
4.899	32716
4.909	32713
4.919	32713
4.929	32720
4.939	32725
4.949	32728
4.959	32732
4.969	32735
4.979	32739
4.989	32747
4.999	32756
5.009	32762
5.019	32766
5.029	32769
5.039	32772
5.049	32774
5.059	32774
5.069	32774
5.079	32777
5.089	32782
5.099	32788
5.109	32796
5.119	32804
5.129	32806
5.139	32804
5.149	32802
5.159	32797
5.169	32792
5.179	32784
5.189	32785
5.199	32784
5.209	32790
5.219	32789
5.229	32789
5.239	32781
5.249	32773
5.259	32768
5.269	32763
5.279	32746
5.289	32719
5.299	32656
5.309	32620
5.319	32566
5.329	32525
5.339	32483
5.349	32447
5.359	32394
5.369	32328
5.379	32271
5.389	32211
5.399	32173
5.409	32175
5.419	32216
5.429	32235
5.439	32230
5.449	32391
5.459	32567
5.469	32668
5.479	32731
5.489	32756
5.499	32765
5.509	32767
5.519	32768
5.529	32768
5.539	32767
5.549	32751
5.559	32748
5.569	32751
5.579	32752
5.589	32750
5.599	32747
5.609	32747
5.619	32749
5.629	32748
5.639	32750
5.649	32747
5.659	32751
5.669	32753
5.679	32752
5.689	32749
5.699	32754
5.709	32748
5.719	32749
5.729	32750
5.739	32751
5.749	32749
5.759	32729
5.769	32668
5.779	32657
5.790	32677
5.799	32701
5.809	32722
5.819	32739
5.829	32750
5.839	32742
5.849	32729
5.859	32745
5.869	32749
5.879	32745
5.889	32740
5.899	32718
5.909	32698
5.919	32723
5.929	32756
5.939	32766
5.949	32771
5.959	32777
5.969	32783
5.979	32794
5.989	32799
5.999	32808
6.009	32817
6.019	32814
6.029	32822
6.039	32837
6.049	32854
6.059	32865
6.069	32880
6.079	32897
6.089	32916
6.099	32935
6.109	32961
6.119	32988
6.129	33011
6.139	33046
6.149	33092
6.159	33125
6.169	33168
6.179	33202
6.189	33243
6.200	33288
6.209	33308
6.219	33312
6.229	33304
6.239	33284
6.249	33270
6.259	33264
6.269	33275
6.279	33296
6.289	33319
6.299	33349
6.309	33385
6.319	33427
6.329	33461
6.339	33492
6.349	33514
6.359	33545
6.369	33566
6.379	33586
6.389	33605
6.399	33613
6.409	33619
6.419	33631
6.429	33647
6.439	33669
6.449	33689
6.459	33690
6.469	33675
6.479	33673
6.489	33669
6.499	33671
6.509	33693
6.519	33719
6.529	33739
6.539	33745
6.549	33745
6.559	33732
6.569	33725
6.579	33745
6.589	33772
6.599	33811
6.609	33840
6.619	33847
6.629	33801
6.639	33791
6.649	33799
6.659	33804
6.669	33793
6.679	33785
6.689	33763
6.699	33738
6.709	33708
6.719	33684
6.729	33648
6.739	33610
6.749	33552
6.759	33503
6.769	33452
6.779	33394
6.789	33347
6.799	33294
6.809	33228
6.819	33139
6.829	33016
6.839	32943
6.849	32869
6.859	32807
6.869	32775
6.879	32766
6.889	32762
6.899	32757
6.909	32753
6.919	32750
6.929	32736
6.939	32724
6.949	32691
6.959	32682
6.969	32652
6.979	32631
6.989	32575
6.999	32539
7.009	32507
7.019	32506
7.029	32548
7.039	32556
7.049	32544
7.059	32594
7.069	32698
7.079	32702
7.089	32686
7.099	32691
7.109	32697
7.119	32724
7.129	32752
7.139	32747
7.149	32747
7.159	32748
7.169	32735
7.179	32741
7.189	32736
7.199	32744
7.209	32730
7.219	32717
7.229	32660
7.239	32555
7.249	32491
7.259	32466
7.269	32472
7.279	32476
7.289	32495
7.299	32533
7.309	32560
7.319	32585
7.329	32605
7.339	32642
7.349	32705
7.359	32736
7.369	32755
7.379	32764
7.389	32764
7.399	32760
7.409	32750
7.419	32684
7.429	32651
7.439	32658
7.449	32629
7.459	32633
7.469	32655
7.479	32685
7.489	32694
7.499	32710
7.509	32719
7.519	32717
7.529	32729
7.539	32739
7.549	32738
7.559	32743
7.569	32751
7.579	32752
7.589	32753
7.599	32757
7.609	32759
7.619	32755
7.629	32742
7.639	32714
7.649	32693
7.659	32681
7.669	32659
7.679	32708
7.689	32703
7.699	32686
7.709	32674
7.719	32667
7.729	32645
7.739	32630
7.749	32615
7.759	32605
7.769	32617
7.779	32629
7.789	32655
7.799	32663
7.809	32653
7.819	32642
7.829	32643
7.839	32626
7.849	32567
7.859	32583
7.869	32606
7.879	32611
7.889	32662
7.899	32688
7.909	32709
7.919	32721
7.929	32738
7.939	32748
7.949	32754
7.959	32746
7.969	32753
7.979	32750
7.989	32750
7.999	32751
8.009	32750
8.019	32753
8.029	32750
8.039	32747
8.049	32747
8.059	32745
8.069	32750
8.079	32749
8.089	32748
8.099	32751
8.109	32744
8.119	32739
8.129	32730
8.139	32736
8.149	32759
8.159	32769
8.169	32784
8.179	32811
8.189	32849
8.199	32896
8.209	32903
8.219	32913
8.229	32917
8.239	32923
8.249	32947
8.259	32985
8.269	33028
8.279	33069
8.289	33109
8.299	33153
8.309	33172
8.319	33207
8.329	33245
8.339	33284
8.349	33321
8.360	33359
8.370	33395
8.381	33433
8.389	33467
8.399	33493
8.409	33517
8.419	33537
8.429	33561
8.439	33577
8.449	33588
8.459	33596
8.470	33596
8.480	33607
8.489	33616
8.500	33624
8.509	33626
8.519	33626
8.529	33613
8.539	33592
8.549	33567
8.559	33535
8.569	33514
8.579	33483
8.589	33453
8.599	33393
8.609	33305
8.619	33220
8.629	33120
8.639	33004
8.649	32950
8.659	32893
8.669	32847
8.679	32811
8.689	32799
8.699	32787
8.709	32782
8.719	32781
8.729	32779
8.739	32776
8.749	32775
8.759	32772
8.769	32772
8.779	32771
8.789	32770
8.799	32769
8.809	32769
8.819	32769
8.829	32768
8.839	32767
8.849	32767
8.859	32767
8.869	32766
8.879	32766
8.889	32766
8.899	32765
8.909	32765
8.919	32765
8.929	32765
8.939	32764
8.949	32762
8.959	32761
8.969	32761
8.979	32759
8.989	32757
8.999	32757
9.009	32752
9.019	32750
9.029	32751
9.039	32750
9.049	32745
9.059	32745
9.069	32747
9.079	32745
9.089	32749
9.099	32751
9.109	32754
9.119	32749
9.129	32750
9.139	32753
9.149	32754
9.159	32751
9.169	32750
9.179	32747
9.189	32745
9.199	32742
9.209	32737
9.219	32747
9.229	32741
9.239	32729
9.249	32736
9.259	32728
9.269	32735
9.279	32732
9.289	32737
9.299	32734
9.309	32734
9.319	32744
9.329	32742
9.339	32745
9.349	32748
9.359	32754
9.369	32755
9.379	32756
9.389	32754
9.399	32753
9.409	32756
9.419	32759
9.429	32752
9.439	32757
9.449	32754
9.459	32750
9.469	32750
9.479	32743
9.489	32743
9.499	32742
9.509	32743
9.519	32739
9.529	32741
9.539	32737
9.549	32746
9.559	32746
9.569	32745
9.579	32745
9.589	32747
9.599	32746
9.609	32748
9.619	32750
9.629	32755
9.639	32752
9.649	32752
9.659	32752
9.669	32755
9.679	32755
9.689	32756
9.699	32759
9.709	32759
9.719	32760
9.729	32760
9.739	32758
9.749	32759
9.759	32758
9.769	32758
9.779	32758
9.789	32754
9.799	32754
9.809	32756
9.819	32755
9.829	32754
9.839	32755
9.849	32760
9.859	32759
9.869	32761
9.879	32763
9.889	32764
9.899	32764
9.909	32765
9.919	32765
9.929	32764
9.939	32763
9.949	32761
9.959	32763
9.969	32765
9.979	32761
9.989	32763
9.999	32761
10.009	32762
10.019	32760
10.029	32759
10.039	32759
10.049	32760
10.059	32760
10.069	32760
10.079	32759
10.089	32759
10.099	32758
10.109	32759
10.119	32760
10.129	32758
10.139	32758
10.149	32759
10.159	32758
10.169	32758
10.179	32760
10.189	32759
10.199	32760
10.209	32760
10.219	32758
10.229	32759
10.239	32759
10.249	32758
10.259	32756
10.269	32756
10.279	32755
10.289	32756
10.299	32758
10.309	32754
10.319	32756
10.329	32752
10.339	32751
10.349	32751
10.359	32752
10.369	32751
10.379	32753
10.389	32754
10.399	32752
10.409	32753
10.419	32751
10.429	32752
10.439	32746
10.449	32747
10.459	32748
10.469	32748
10.479	32737
10.489	32747
10.499	32745
10.509	32743
10.519	32744
10.529	32740
10.539	32733
10.549	32736
10.559	32742
10.569	32751
10.579	32750
10.589	32751
10.599	32743
10.609	32744
10.619	32742
10.629	32734
10.639	32737
10.649	32738
10.659	32740
10.669	32741
10.679	32745
10.689	32741
10.699	32745
10.709	32740
10.719	32745
10.729	32744
10.739	32747
10.749	32743
10.759	32738
10.769	32739
10.779	32731
10.789	32733
10.799	32732
10.809	32741
10.819	32742
10.829	32741
10.839	32743
10.849	32741
10.859	32731
10.869	32736
10.879	32737
10.889	32740
10.899	32752
10.909	32759
10.919	32761
10.929	32762
10.939	32763
10.949	32764
10.959	32760
10.969	32757
10.979	32757
10.989	32757
10.999	32763
11.009	32764
11.019	32767
11.029	32768
11.039	32769
11.049	32771
11.059	32771
11.069	32772
11.079	32771
11.089	32767
11.099	32764
11.109	32753
11.119	32731
11.129	32709
11.139	32670
11.149	32657
11.159	32694
11.169	32735
11.179	32754
11.189	32767
11.199	32772
11.209	32776
11.219	32785
11.229	32785
11.239	32791
11.249	32807
11.259	32834
11.269	32874
11.279	32887
11.289	32903
11.299	32922
11.309	32938
11.319	32959
11.329	32976
11.339	32992
11.349	33005
11.359	33008
11.369	33008
11.379	33005
11.389	33005
11.399	33014
11.409	33022
11.419	33030
11.429	33043
11.439	33056
11.449	33069
11.459	33080
11.469	33092
11.479	33101
11.489	33111
11.499	33120
11.509	33127
11.519	33140
11.529	33151
11.539	33162
11.549	33180
11.559	33189
11.569	33198
11.579	33202
11.589	33203
11.599	33205
11.609	33204
11.619	33214
11.629	33219
11.639	33223
11.649	33218
11.659	33214
11.669	33205
11.679	33202
11.689	33203
11.700	33203
11.709	33200
11.719	33192
11.729	33185
11.739	33173
11.749	33174
11.759	33171
11.769	33162
11.779	33145
11.789	33122
11.799	33072
11.809	33006
11.819	32961
11.829	32911
11.839	32855
11.849	32813
11.859	32784
11.869	32773
11.879	32768
11.889	32764
11.899	32762
11.909	32762
11.919	32760
11.929	32762
11.939	32763
11.949	32759
11.959	32757
11.969	32759
11.979	32756
11.989	32742
11.999	32731
12.009	32718
12.019	32698
12.029	32691
12.039	32709
12.049	32724
12.059	32727
12.069	32724
12.079	32732
12.089	32739
12.099	32744
12.109	32748
12.119	32748
12.129	32750
12.139	32745
12.149	32751
12.159	32753
12.169	32750
12.179	32749
12.189	32747
12.199	32751
12.209	32748
12.219	32749
12.229	32747
12.239	32749
12.249	32752
12.259	32750
12.269	32751
12.279	32754
12.289	32748
12.299	32750
12.309	32752
12.319	32749
12.329	32749
12.339	32749
12.349	32745
12.359	32749
12.369	32751
12.379	32751
12.389	32750
12.399	32750
12.409	32749
12.419	32748
12.429	32748
12.439	32750
12.449	32752
12.459	32754
12.469	32748
12.479	32749
12.489	32750
12.499	32748
12.509	32748
12.519	32750
12.529	32749
12.539	32747
12.549	32746
12.559	32750
12.569	32750
12.579	32748
12.589	32751
12.599	32752
12.609	32753
12.619	32748
12.629	32750
12.639	32753
12.649	32754
12.659	32760
12.669	32763
12.679	32764
12.689	32764
12.699	32765
12.709	32763
12.719	32761
12.729	32761
12.739	32759
12.749	32758
12.759	32752
12.769	32755
12.779	32756
12.789	32753
12.799	32750
12.809	32751
12.819	32748
12.829	32750
12.839	32751
12.849	32744
12.859	32741
12.869	32741
12.879	32744
12.889	32741
12.899	32745
12.909	32745
12.919	32742
12.929	32753
12.939	32746
12.949	32747
12.959	32734
12.969	32724
12.979	32724
12.989	32748
12.999	32753
13.009	32759
13.019	32761
13.029	32762
13.039	32762
13.049	32760
13.059	32760
13.069	32757
13.079	32760
13.089	32758
13.099	32754
13.109	32748
13.119	32743
13.129	32741
13.139	32737
13.149	32727
13.159	32717
13.169	32714
13.179	32713
13.189	32713
13.199	32709
13.209	32713
13.219	32732
13.229	32732
13.239	32743
13.249	32749
13.259	32754
13.269	32758
13.279	32759
13.289	32761
13.299	32745
13.309	32750
13.319	32751
13.329	32752
13.339	32747
13.349	32747
13.359	32750
13.369	32748
13.379	32751
13.389	32757
13.399	32758
13.409	32761
13.419	32754
13.429	32751
13.439	32756
13.449	32754
13.459	32755
13.469	32760
13.479	32768
13.489	32768
13.499	32768
13.509	32765
13.519	32765
13.529	32763
13.539	32763
13.549	32759
13.559	32743
13.569	32700
13.579	32630
13.589	32571
13.599	32538
13.609	32557
13.619	32579
13.629	32635
13.639	32675
13.649	32713
13.659	32696
13.669	32691
13.679	32690
13.689	32681
13.699	32730
13.709	32755
13.719	32765
13.729	32769
13.739	32768
13.749	32767
13.759	32765
13.769	32765
13.779	32765
13.789	32760
13.799	32759
13.809	32761
13.819	32760
13.829	32761
13.839	32765
13.849	32766
13.859	32769
13.875	32768
13.879	32768
13.889	32769
13.899	32768
13.909	32768
13.919	32769
13.929	32770
13.939	32771
13.949	32773
13.959	32775
13.969	32782
13.979	32789
13.989	32796
13.999	32809
14.009	32819
14.019	32822
14.029	32830
14.039	32830
14.049	32834
14.059	32835
14.069	32839
14.079	32845
14.089	32846
14.099	32850
14.109	32864
14.119	32874
14.129	32893
14.139	32911
14.149	32915
14.159	32925
14.169	32957
14.179	32957
14.189	32958
14.199	32971
14.209	32978
14.219	32974
14.229	32953
14.239	32946
14.249	32940
14.259	32939
14.269	32936
14.279	32931
14.289	32921
14.299	32900
14.309	32885
14.319	32863
14.329	32849
14.339	32839
14.349	32837
14.359	32830
14.369	32838
14.379	32840
14.389	32840
14.399	32838
14.409	32841
14.419	32848
14.429	32860
14.439	32873
14.449	32886
14.459	32881
14.469	32862
14.479	32843
14.489	32815
14.499	32780
14.509	32777
14.519	32778
14.529	32776
14.539	32775
14.549	32775
14.559	32770
14.569	32769
14.579	32765
14.589	32760
14.599	32752
14.609	32734
14.619	32730
14.629	32723
14.639	32716
14.649	32719
14.659	32720
14.669	32717
14.679	32745
14.689	32759
14.699	32767
14.709	32763
14.719	32752
14.729	32754
14.739	32758
14.749	32762
14.759	32766
14.769	32768
14.779	32769
14.789	32768
14.799	32764
14.809	32760
14.819	32756
14.829	32757
14.839	32750
14.849	32749
14.859	32752
14.869	32749
14.879	32755
14.889	32761
14.899	32765
14.909	32766
14.919	32765
14.929	32762
14.939	32758
14.949	32757
14.959	32748
14.969	32738
14.979	32734
14.989	32717
14.999	32690
15.009	32669
15.019	32669
15.029	32696
15.039	32722
15.049	32742
15.059	32762
15.069	32764
15.079	32767
15.089	32771
15.099	32772
15.109	32778
15.119	32781
15.129	32783
15.139	32781
15.149	32779
15.159	32776
15.169	32774
15.179	32773
15.189	32774
15.199	32775
15.209	32778
15.219	32787
15.229	32798
15.239	32812
15.249	32818
15.259	32821
15.269	32815
15.279	32807
15.289	32803
15.299	32800
15.309	32804
15.319	32813
15.329	32823
15.339	32827
15.349	32824
15.359	32815
15.369	32808
15.379	32802
15.389	32802
15.399	32796
15.409	32798
15.419	32797
15.429	32797
15.439	32802
15.449	32804
15.459	32805
15.469	32801
15.479	32799
15.489	32796
15.499	32795
15.509	32798
15.519	32802
15.529	32814
15.539	32830
15.549	32845
15.559	32847
15.569	32839
15.579	32829
15.589	32821
15.599	32820
15.609	32829
15.619	32847
15.629	32871
15.639	32888
15.649	32884
15.659	32873
15.669	32864
15.679	32859
15.689	32866
15.699	32892
15.709	32914
15.719	32942
15.729	32954
15.739	32964
15.749	32968
15.759	32971
15.769	32975
15.779	32976
15.789	32984
15.799	32994
15.809	32997
15.819	32988
15.829	32976
15.839	32976
15.849	32983
15.859	33001
15.869	33026
15.879	33038
15.889	33029
15.899	33013
15.909	33010
15.919	33007
15.929	32993
15.939	32984
15.949	32975
15.959	32967
15.969	32954
15.979	32928
15.989	32922
15.999	32901
16.009	32889
16.019	32881
16.029	32867
16.039	32843
16.049	32834
16.059	32830
16.069	32821
16.079	32795
16.089	32775
16.099	32769
16.109	32765
16.119	32758
16.129	32760
16.139	32760
16.149	32762
16.159	32764
16.169	32767
16.179	32769
16.189	32769
16.199	32766
16.209	32764
16.219	32765
16.229	32764
16.239	32763
16.249	32758
16.259	32757
16.269	32757
16.279	32759
16.289	32752
16.299	32750
16.309	32752
16.319	32745
16.329	32743
16.339	32746
16.349	32745
16.359	32741
16.369	32741
16.379	32737
16.389	32744
16.399	32751
16.409	32751
16.419	32748
16.429	32749
16.439	32749
16.449	32753
16.459	32749
16.469	32750
16.479	32750
16.489	32745
16.499	32751
16.509	32751
16.519	32747
16.529	32747
16.539	32748
16.549	32751
16.559	32750
16.569	32752
16.579	32750
16.589	32750
16.599	32750
16.609	32749
16.619	32749
16.629	32747
16.639	32750
16.649	32748
16.659	32751
16.669	32748
16.679	32749
16.689	32744
16.699	32746
16.709	32750
16.719	32749
16.729	32749
16.739	32753
16.749	32748
16.759	32747
16.769	32750
16.779	32749
16.789	32749
16.799	32751
16.809	32749
16.819	32749
16.829	32750
16.839	32750
16.849	32750
16.859	32748
16.869	32753
16.879	32753
16.889	32750
16.899	32748
16.909	32749
16.919	32752
16.929	32750
16.939	32749
16.949	32747
16.959	32742
16.969	32750
16.979	32746
16.989	32754
16.999	32752
17.009	32752
17.019	32751
17.029	32749
17.039	32751
17.049	32751
17.059	32751
17.069	32748
17.079	32752
17.089	32750
17.099	32748
17.109	32753
17.119	32750
17.129	32747
17.139	32749
17.149	32746
17.159	32745
17.169	32749
17.179	32746
17.189	32754
17.199	32749
17.209	32750
17.219	32747
17.229	32747
17.239	32749
17.249	32750
17.259	32753
17.269	32747
17.279	32746
17.289	32750
17.299	32749
17.309	32750
17.319	32749
17.329	32750
17.339	32752
17.349	32753
17.359	32752
17.369	32749
17.379	32749
17.389	32750
17.399	32751
17.409	32747
17.419	32754
17.429	32749
17.439	32750
17.449	32752
17.459	32750
17.469	32749
17.479	32753
17.489	32751
17.499	32746
17.509	32749
17.519	32751
17.529	32748
17.539	32750
17.549	32748
17.559	32751
17.569	32747
17.579	32746
17.589	32750
17.599	32744
17.609	32748
17.619	32751
17.629	32751
17.639	32753
17.649	32748
17.659	32747
17.669	32751
17.679	32751
17.689	32748
17.699	32749
17.709	32751
17.719	32750
17.729	32750
17.739	32750
17.749	32748
17.759	32751
17.769	32751
17.779	32748
17.789	32749
17.799	32750
17.809	32750
17.819	32750
17.829	32747
17.839	32751
17.849	32751
17.859	32747
17.869	32751
17.879	32749
17.889	32750
17.899	32749
17.909	32751
17.919	32746
17.929	32750
17.939	32752
17.949	32751
17.959	32749
17.969	32746
17.979	32750
17.989	32751
17.999	32748
18.009	32749
18.019	32751
18.029	32746
18.039	32749
18.049	32752
18.059	32749
18.069	32748
18.079	32751
18.089	32751
18.099	32750
18.111	32746
18.121	32750
18.129	32750
18.139	32752
18.149	32747
18.159	32750
18.169	32750
18.179	32751
18.189	32746
18.199	32753
18.209	32747
18.219	32750
18.229	32750
18.239	32751
18.249	32754
18.259	32751
18.269	32747
18.279	32748
18.289	32749
18.299	32747
18.309	32749
18.319	32750
18.329	32750
18.339	32748
18.349	32751
18.359	32752
18.369	32752
18.379	32750
18.389	32750
18.399	32749
18.409	32749
18.419	32750
18.429	32753
18.439	32750
18.449	32746
18.459	32752
18.469	32749
18.479	32749
18.489	32747
18.499	32747
18.509	32743
18.519	32743
18.529	32743
18.539	32757
18.549	32755
18.559	32740
18.569	32748
18.579	32748
18.589	32748
18.599	32751
18.609	32750
18.619	32750
18.629	32752
18.639	32753
18.649	32750
18.659	32752
18.669	32749
18.679	32747
18.689	32747
18.699	32749
18.709	32750
18.719	32751
18.729	32748
18.739	32749
18.749	32752
18.759	32751
18.769	32748
18.779	32748
18.789	32745
18.799	32749
18.809	32751
18.819	32750
18.829	32754
18.839	32757
18.849	32751
18.859	32748
18.869	32746
18.879	32749
18.889	32763
18.899	32765
18.909	32772
18.919	32773
18.929	32772
18.939	32770
18.949	32768
18.959	32765
18.969	32758
18.979	32753
18.989	32751
18.999	32759
19.009	32755
19.019	32765
19.029	32772
19.039	32777
19.049	32786
19.059	32795
19.069	32797
19.079	32782
19.089	32773
19.099	32769
19.109	32766
19.119	32766
19.129	32768
19.139	32771
19.149	32772
19.159	32774
19.169	32774
19.179	32776
19.189	32776
19.199	32777
19.209	32778
19.219	32776
19.229	32775
19.239	32771
19.249	32769
19.259	32767
19.269	32769
19.279	32767
19.289	32765
19.299	32765
19.309	32765
19.319	32765
19.329	32767
19.339	32770
19.349	32776
19.359	32785
19.369	32785
19.379	32782
19.389	32776
19.399	32793
19.409	32807
19.419	32836
19.429	32863
19.439	32902
19.449	32926
19.459	32944
19.469	32960
19.479	32994
19.489	33016
19.499	33041
19.509	33066
19.519	33093
19.529	33105
19.539	33090
19.549	33137
19.559	33126
19.569	33121
19.579	33122
19.589	33115
19.599	33108
19.609	33111
19.619	33113
19.629	33093
19.639	33083
19.649	33077
19.659	33088
19.669	33108
19.679	33108
19.689	33102
19.699	33094
19.709	33097
19.719	33102
19.729	33122
19.739	33138
19.749	33161
19.759	33174
19.769	33196
19.779	33211
19.790	33219
19.799	33223
19.810	33222
19.819	33234
19.830	33232
19.840	33228
19.849	33211
19.859	33183
19.869	33166
19.879	33161
19.889	33166
19.899	33175
19.909	33179
19.919	33176
19.929	33149
19.939	33101
19.949	33032
19.959	33000
19.969	32977
19.979	32936
19.989	32862
19.999	32884
20.009	32908
20.019	32898
20.029	32876
20.039	32830
20.049	32803
20.059	32808
20.069	32817
20.079	32815
20.089	32803
20.099	32794
20.109	32786
20.119	32779
20.129	32773
20.139	32770
20.149	32770
20.159	32770
20.169	32770
20.179	32769
20.189	32769
20.199	32767
20.209	32768
20.219	32767
20.229	32765
20.239	32766
20.249	32766
20.259	32763
20.269	32764
20.279	32762
20.289	32756
20.299	32753
20.309	32750
20.319	32745
20.329	32752
20.339	32753
20.349	32742
20.359	32731
20.369	32737
20.379	32727
20.389	32736
20.399	32744
20.409	32749
20.419	32742
20.429	32729
20.439	32746
20.449	32749
20.459	32751
20.469	32748
20.479	32750
20.489	32750
20.499	32750
20.509	32754
20.519	32751
20.529	32747
20.539	32744
20.549	32748
20.559	32749
20.569	32748
20.579	32748
20.589	32761
20.599	32765
20.609	32764
20.619	32764
20.629	32759
20.639	32754
20.649	32750
20.659	32754
20.669	32750
20.679	32753
20.689	32751
20.699	32742
20.709	32725
20.719	32734
20.729	32738
20.739	32747
20.749	32736
20.759	32733
20.769	32736
20.779	32738
20.789	32737
20.799	32739
20.810	32741
20.819	32726
20.829	32710
20.839	32705
20.849	32698
20.859	32704
20.869	32689
20.879	32690
20.889	32696
20.899	32696
20.909	32701
20.919	32704
20.930	32709
20.939	32723
20.949	32735
20.959	32733
20.969	32743
20.979	32747
20.989	32752
21.000	32754
21.009	32754
21.019	32756
21.029	32752
21.040	32753
21.049	32755
21.060	32756
21.070	32755
21.080	32755
21.089	32753
21.100	32749
21.109	32749
21.119	32749
21.129	32752
21.139	32753
21.149	32749
21.159	32752
21.169	32758
21.179	32758
21.189	32760
21.200	32764
21.209	32766
21.220	32767
21.229	32767
21.239	32769
21.249	32769
21.259	32769
21.269	32768
21.279	32767
21.289	32767
21.299	32763
21.309	32761
21.319	32761
21.329	32763
21.339	32764
21.349	32765
21.359	32766
21.369	32765
21.379	32766
21.389	32764
21.399	32762
21.409	32762
21.419	32763
21.429	32765
21.439	32765
21.449	32766
21.459	32767
21.469	32768
21.479	32769
21.489	32768
21.499	32768
21.509	32769
21.519	32769
21.529	32767
21.539	32768
21.549	32768
21.559	32766
21.569	32766
21.579	32766
21.589	32764
21.599	32757
21.610	32738
21.619	32686
21.629	32598
21.639	32541
21.649	32516
21.659	32514
21.669	32542
21.679	32613
21.689	32663
21.699	32705
21.709	32722
21.719	32725
21.729	32713
21.739	32704
21.749	32674
21.759	32669
21.769	32675
21.779	32699
21.789	32705
21.799	32705
21.809	32691
21.819	32671
21.829	32628
21.839	32616
21.849	32577
21.859	32583
21.869	32598
21.879	32639
21.889	32690
21.899	32728
21.909	32750
21.919	32760
21.929	32762
21.939	32760
21.949	32760
21.959	32760
21.969	32759
21.979	32759
21.989	32759
21.999	32754
22.009	32739
22.019	32721
22.029	32683
22.039	32622
22.049	32557
22.059	32510
22.069	32484
22.079	32472
22.089	32466
22.099	32469
22.109	32491
22.119	32527
22.129	32607
22.139	32670
22.149	32732
22.159	32749
22.169	32759
22.179	32765
22.189	32768
22.199	32767
22.209	32767
22.219	32767
22.229	32767
22.239	32763
22.249	32763
22.259	32760
22.269	32755
22.279	32755
22.289	32747
22.299	32749
22.309	32754
22.319	32756
22.329	32745
22.339	32748
22.349	32752
22.359	32751
22.369	32751
22.379	32746
22.389	32740
22.400	32748
22.410	32749
22.420	32751
22.429	32750
22.439	32752
22.449	32751
22.459	32753
22.469	32751
22.479	32750
22.489	32749
22.499	32749
22.509	32752
22.519	32755
22.529	32755
22.539	32753
22.549	32751
22.559	32753
22.569	32751
22.579	32748
22.589	32750
22.599	32749
22.609	32753
22.619	32751
22.629	32753
22.639	32750
22.649	32744
22.659	32746
22.669	32751
22.679	32750
22.689	32750
22.699	32749
22.709	32747
22.719	32744
22.729	32741
22.739	32745
22.749	32741
22.759	32747
22.769	32750
22.779	32751
22.789	32751
22.799	32756
22.809	32752
22.819	32753
22.829	32752
22.839	32756
22.849	32756
22.859	32754
22.869	32753
22.879	32755
22.889	32754
22.899	32752
22.909	32754
22.919	32751
22.929	32749
22.939	32747
22.949	32746
22.959	32753
22.969	32762
22.979	32766
22.989	32769
22.999	32771
23.009	32771
23.019	32769
23.029	32769
23.039	32769
23.049	32771
23.059	32771
23.069	32774
23.079	32774
23.089	32772
23.099	32770
23.109	32768
23.119	32766
23.130	32761
23.141	32760
23.151	32755
23.161	32755
23.170	32759
23.179	32756
23.189	32760
23.199	32762
23.209	32762
23.219	32765
23.229	32765
23.239	32764
23.249	32764
23.259	32764
23.269	32762
23.279	32762
23.289	32760
23.299	32761
23.309	32766
23.319	32767
23.329	32767
23.339	32769
23.349	32771
23.359	32772
23.369	32776
23.379	32780
23.389	32782
23.399	32790
23.409	32788
23.419	32781
23.429	32775
23.439	32772
23.449	32773
23.459	32772
23.469	32771
23.479	32771
23.489	32767
23.499	32764
23.509	32760
23.519	32753
23.529	32747
23.539	32745
23.549	32731
23.559	32727
23.569	32721
23.579	32713
23.589	32712
23.599	32712
23.609	32717
23.619	32724
23.629	32722
23.639	32724
23.649	32713
23.659	32696
23.669	32675
23.679	32671
23.689	32657
23.699	32669
23.709	32708
23.719	32728
23.729	32736
23.739	32745
23.749	32749
23.759	32745
23.769	32746
23.779	32743
23.789	32743
23.799	32748
23.809	32750
23.819	32750
23.829	32754
23.839	32757
23.849	32757
23.859	32755
23.869	32761
23.879	32761
23.889	32762
23.899	32765
23.909	32767
23.919	32769
23.929	32771
23.939	32773
23.949	32775
23.959	32778
23.969	32775
23.979	32775
23.989	32777
23.999	32779
24.009	32784
24.019	32788
24.029	32793
24.039	32795
24.049	32797
24.059	32798
24.069	32798
24.079	32803
24.089	32802
24.099	32806
24.109	32803
24.119	32808
24.129	32810
24.139	32810
24.149	32812
24.159	32812
24.169	32813
24.179	32815
24.189	32813
24.199	32810
24.209	32810
24.219	32811
24.229	32807
24.239	32805
24.249	32804
24.259	32802
24.269	32798
24.279	32795
24.289	32795
24.299	32794
24.309	32787
24.319	32782
24.329	32778
24.339	32774
24.349	32772
24.359	32770
24.369	32768
24.379	32766
24.389	32764
24.399	32764
24.409	32762
24.419	32758
24.429	32751
24.439	32746
24.449	32747
24.459	32745
24.469	32746
24.479	32737
24.489	32735
24.499	32740
24.509	32738
24.519	32740
24.529	32730
24.539	32735
24.549	32726
24.559	32733
24.569	32739
24.579	32732
24.589	32738
24.599	32744
24.609	32742
24.619	32745
24.629	32745
24.639	32748
24.649	32750
24.659	32751
24.669	32752
24.679	32754
24.689	32752
24.699	32755
24.709	32756
24.719	32758
24.729	32753
24.739	32752
24.749	32756
24.759	32752
24.769	32753
24.779	32751
24.789	32747
24.799	32745
24.809	32742
24.819	32739
24.829	32736
24.839	32734
24.849	32738
24.859	32736
24.869	32740
24.879	32734
24.889	32739
24.899	32734
24.909	32732
24.919	32729
24.929	32726
24.939	32735
24.949	32737
24.959	32738
24.969	32736
24.979	32730
24.989	32722
24.999	32735
25.009	32735
25.019	32733
25.029	32729
25.039	32739
25.049	32739
25.059	32739
25.069	32739
25.079	32740
25.089	32733
25.099	32734
25.109	32727
25.119	32729
25.129	32725
25.139	32730
25.149	32725
25.159	32712
25.169	32717
25.179	32709
25.189	32710
25.199	32710
25.209	32708
25.219	32711
25.229	32720
25.239	32734
25.249	32723
25.259	32740
25.269	32749
25.279	32752
25.289	32751
25.299	32751
25.309	32751
25.319	32752
25.329	32751
25.339	32753
25.349	32750
25.359	32756
25.369	32755
25.379	32754
25.389	32756
25.399	32755
25.409	32756
25.419	32756
25.429	32756
25.439	32756
25.449	32756
25.459	32758
25.469	32757
25.479	32757
25.489	32756
25.499	32754
25.509	32751
25.519	32751
25.529	32748
25.539	32746
25.549	32745
25.559	32749
25.569	32739
25.579	32738
25.589	32735
25.599	32737
25.609	32738
25.619	32736
25.629	32733
25.639	32743
25.649	32749
25.659	32750
25.669	32751
25.679	32754
25.689	32754
25.699	32752
25.709	32757
25.719	32755
25.729	32759
25.739	32759
25.749	32759
25.759	32760
25.769	32759
25.779	32758
25.789	32757
25.799	32752
25.809	32740
25.819	32750
25.829	32747
25.839	32754
25.849	32760
25.859	32759
25.869	32762
25.879	32760
25.889	32759
25.899	32745
25.909	32729
25.919	32726
25.929	32719
25.939	32718
25.949	32725
25.959	32716
25.969	32729
25.979	32740
25.989	32750
25.999	32748
26.009	32746
26.019	32745
26.029	32745
26.039	32742
26.049	32741
26.059	32739
26.069	32744
26.079	32745
26.089	32744
26.099	32748
26.109	32741
26.119	32739
26.129	32740
26.139	32744
26.149	32743
26.159	32749
26.169	32746
26.179	32742
26.189	32744
26.199	32748
26.209	32750
26.219	32747
26.229	32750
26.239	32754
26.249	32753
26.259	32756
26.269	32754
26.279	32753
26.289	32750
26.299	32751
26.309	32755
26.319	32758
26.329	32757
26.339	32761
26.349	32760
26.359	32762
26.369	32762
26.379	32765
26.389	32766
26.399	32765
26.409	32766
26.419	32764
26.429	32766
26.439	32766
26.449	32764
26.459	32762
26.469	32756
26.479	32751
26.489	32749
26.499	32749
26.509	32752
26.519	32753
26.529	32754
26.539	32751
26.549	32751
26.559	32751
26.569	32752
26.579	32755
26.589	32757
26.599	32760
26.609	32759
26.619	32762
26.629	32763
26.639	32764
26.649	32764
26.659	32764
26.669	32763
26.679	32762
26.689	32760
26.699	32758
26.709	32757
26.719	32757
26.729	32754
26.739	32753
26.749	32752
26.759	32745
26.769	32751
26.779	32752
26.789	32752
26.799	32752
26.809	32750
26.819	32752
26.829	32749
26.839	32750
26.849	32750
26.859	32749
26.869	32753
26.879	32755
26.889	32750
26.899	32749
26.909	32754
26.919	32759
26.929	32762
26.939	32762
26.949	32761
26.960	32761
26.969	32761
26.979	32761
26.989	32756
26.999	32758
27.009	32759
27.019	32760
27.029	32750
27.039	32749
27.049	32746
27.059	32741
27.069	32741
27.079	32753
27.089	32762
27.099	32762
27.109	32759
27.119	32759
27.129	32754
27.139	32747
27.149	32722
27.159	32711
27.169	32757
27.179	32761
27.189	32760
27.199	32753
27.209	32740
27.219	32737
27.229	32726
27.239	32739
27.249	32756
27.259	32759
27.269	32761
27.279	32761
27.289	32758
27.299	32755
27.309	32758
27.319	32754
27.329	32758
27.339	32763
27.349	32769
27.359	32774
27.369	32776
27.379	32773
27.389	32769
27.399	32764
27.409	32763
27.419	32764
27.429	32768
27.439	32774
27.449	32782
27.459	32783
27.469	32781
27.479	32778
27.489	32775
27.499	32776
27.509	32780
27.519	32783
27.529	32785
27.539	32787
27.549	32785
27.559	32784
27.569	32779
27.579	32777
27.589	32776
27.599	32775
27.609	32775
27.619	32773
27.629	32771
27.639	32770
27.649	32771
27.659	32775
27.669	32777
27.679	32785
27.689	32789
27.699	32793
27.709	32789
27.719	32797
27.729	32802
27.739	32809
27.749	32814
27.759	32815
27.769	32831
27.779	32840
27.789	32851
27.799	32841
27.809	32819
27.819	32802
27.829	32796
27.839	32793
27.849	32790
27.859	32790
27.869	32789
27.879	32791
27.889	32784
27.899	32781
27.909	32777
27.919	32773
27.929	32771
27.939	32769
27.949	32769
27.959	32770
27.969	32770
27.979	32771
27.989	32772
27.999	32772
28.009	32771
28.019	32769
28.029	32769
28.039	32768
28.049	32768
28.059	32766
28.069	32765
28.079	32755
28.089	32747
28.099	32752
28.109	32755
28.119	32754
28.129	32758
28.139	32755
28.149	32754
28.159	32753
28.169	32750
28.179	32750
28.189	32749
28.199	32750
28.209	32732
28.219	32699
28.229	32644
28.239	32629
28.249	32678
28.259	32733
28.269	32745
28.279	32753
28.289	32763
28.299	32767
28.309	32769
28.319	32773
28.329	32779
28.339	32783
28.349	32784
28.359	32782
28.369	32777
28.379	32774
28.389	32772
28.399	32771
28.409	32772
28.419	32773
28.429	32778
28.439	32785
28.454	32786
28.459	32784
28.469	32781
28.479	32780
28.489	32778
28.499	32783
28.509	32789
28.519	32800
28.529	32814
28.539	32818
28.549	32827
28.559	32826
28.569	32823
28.579	32824
28.589	32828
28.599	32829
28.609	32832
28.619	32831
28.629	32836
28.639	32841
28.650	32845
28.659	32855
28.669	32867
28.679	32877
28.689	32886
28.699	32889
28.709	32887
28.719	32877
28.729	32871
28.739	32873
28.749	32870
28.759	32867
28.769	32859
28.779	32857
28.789	32859
28.799	32853
28.809	32851
28.819	32848
28.829	32842
28.839	32844
28.849	32834
28.859	32822
28.869	32816
28.879	32818
28.889	32823
28.899	32829
28.909	32831
28.919	32835
28.929	32830
28.939	32828
28.949	32815
28.959	32800
28.969	32791
28.979	32784
28.989	32782
28.999	32779
29.009	32777
29.019	32778
29.029	32778
29.039	32779
29.049	32783
29.059	32783
29.069	32782
29.079	32784
29.089	32785
29.099	32784
29.109	32786
29.119	32784
29.129	32784
29.139	32789
29.149	32791
29.159	32793
29.169	32794
29.179	32797
29.189	32801
29.199	32799
29.209	32793
29.219	32790
29.229	32792
29.239	32787
29.249	32777
29.259	32774
29.269	32773
29.279	32778
29.289	32786
29.299	32791
29.309	32785
29.319	32776
29.329	32771
29.339	32767
29.349	32767
29.359	32768
29.369	32765
29.379	32767
29.389	32768
29.399	32768
29.409	32767
29.419	32764
29.429	32763
29.439	32767
29.449	32770
29.459	32776
29.469	32780
29.479	32788
29.489	32798
29.499	32808
29.509	32814
29.519	32819
29.529	32823
29.539	32823
29.549	32820
29.559	32817
29.569	32806
29.579	32797
29.589	32789
29.599	32781
29.609	32778
29.619	32776
29.629	32771
29.639	32769
29.649	32768
29.659	32768
29.669	32765
29.679	32766
29.689	32765
29.699	32763
29.709	32760
29.719	32761
29.729	32759
29.739	32755
29.749	32757
29.759	32753
29.769	32750
29.779	32748
29.789	32748
29.799	32744
29.809	32743
29.819	32743
29.829	32741
29.839	32744
29.849	32742
29.859	32746
29.869	32742
29.879	32747
29.889	32745
29.899	32744
29.910	32743
29.919	32748
29.929	32741
29.939	32742
29.949	32744
29.959	32742
29.969	32749
29.979	32740
29.989	32746
29.999	32751
30.009	32751
30.019	32750
30.029	32749
30.039	32750
30.049	32750
30.059	32750
30.069	32749
30.079	32751
30.089	32749
30.099	32750
30.109	32745
30.119	32740
30.129	32740
30.139	32744
30.149	32743
30.159	32745
30.169	32739
30.179	32739
30.189	32739
30.199	32738
30.209	32739
30.219	32731
30.229	32738
30.239	32738
30.249	32734
30.259	32736
30.269	32738
30.279	32741
30.289	32740
30.299	32733
30.309	32733
30.319	32733
30.329	32734
30.339	32735
30.349	32736
30.359	32735
30.369	32732
30.379	32730
30.389	32737
30.399	32744
30.409	32736
30.419	32741
30.429	32744
30.439	32738
30.449	32738
30.459	32733
30.469	32740
30.479	32734
30.489	32732
30.499	32735
30.509	32732
30.519	32731
30.529	32727
30.539	32730
30.549	32731
30.559	32722
30.569	32720
30.579	32713
30.589	32718
30.599	32714
30.609	32717
30.619	32716
30.629	32715
30.639	32708
30.649	32705
30.659	32710
30.669	32703
30.679	32710
30.689	32709
30.699	32702
30.709	32705
30.719	32709
30.729	32704
30.739	32707
30.749	32708
30.759	32710
30.769	32710
30.779	32718
30.789	32710
30.799	32715
30.809	32724
30.819	32725
30.829	32723
30.839	32725
30.849	32728
30.859	32729
30.869	32735
30.879	32734
30.889	32732
30.899	32737
30.909	32735
30.919	32738
30.929	32723
30.939	32724
30.949	32719
30.959	32716
30.969	32712
30.979	32712
30.989	32713
30.999	32712
31.009	32715
31.019	32722
31.029	32723
31.039	32730
31.049	32727
31.059	32730
31.069	32728
31.079	32728
31.089	32728
31.099	32729
31.109	32723
31.119	32734
31.129	32737
31.139	32744
31.149	32742
31.159	32742
31.169	32742
31.179	32746
31.189	32742
31.199	32746
31.209	32739
31.219	32739
31.229	32731
31.239	32747
31.249	32746
31.259	32750
31.269	32752
31.279	32752
31.289	32755
31.299	32755
31.309	32754
31.319	32751
31.329	32750
31.339	32750
31.349	32743
31.359	32739
31.369	32736
31.379	32741
31.389	32742
31.399	32741
31.409	32733
31.419	32735
31.429	32733
31.439	32733
31.449	32734
31.459	32730
31.469	32730
31.479	32723
31.489	32732
31.499	32737
31.509	32740
31.519	32744
31.529	32743
31.539	32741
31.549	32741
31.559	32735
31.569	32733
31.579	32736
31.589	32732
31.599	32722
31.609	32728
31.619	32717
31.629	32711
31.639	32711
31.649	32720
31.659	32730
31.669	32725
31.679	32734
31.689	32738
31.705	32750
31.741	32760
31.767	32755
31.792	32751
31.799	32741
31.809	32761
31.915	32767
31.947	32766
31.951	32767
31.960	32768
31.971	32771
32.002	32770
32.009	32770
32.019	32766
32.064	32765
32.077	32765
32.080	32764
32.089	32765
32.099	32765
32.109	32763
32.119	32762
32.129	32764
32.139	32760
32.149	32760
32.159	32756
32.169	32752
32.179	32751
32.189	32741
32.199	32741
32.209	32741
32.219	32742
32.229	32747
32.239	32747
32.249	32745
32.259	32751
32.269	32748
32.279	32754
32.289	32745
32.299	32746
32.309	32753
32.319	32757
32.329	32756
32.339	32755
32.349	32751
32.359	32757
32.369	32756
32.379	32758
32.389	32756
32.399	32759
32.409	32757
32.419	32756
32.429	32757
32.439	32750
32.449	32752
32.459	32754
32.469	32754
32.479	32748
32.489	32758
32.499	32750
32.509	32753
32.519	32746
32.529	32749
32.539	32731
32.549	32716
32.559	32716
32.569	32701
32.579	32703
32.589	32707
32.599	32713
32.609	32709
32.619	32702
32.629	32697
32.639	32695
32.649	32691
32.659	32687
32.669	32705
32.679	32729
32.689	32730
32.699	32740
32.709	32742
32.719	32742
32.729	32743
32.739	32745
32.749	32744
32.759	32747
32.769	32752
32.779	32746
32.789	32745
32.799	32749
32.809	32751
32.819	32751
32.829	32750
32.839	32751
32.849	32747
32.859	32748
32.869	32749
32.879	32755
32.889	32747
32.899	32750
32.909	32753
32.919	32750
32.929	32752
32.939	32750
32.949	32753
32.959	32750
32.969	32752
32.979	32760
32.989	32758
32.999	32761
33.009	32760
33.019	32760
33.029	32760
33.039	32760
33.049	32762
33.059	32764
33.069	32763
33.079	32759
33.089	32757
33.099	32746
33.109	32731
33.119	32715
33.129	32710
33.139	32705
33.149	32688
33.159	32672
33.169	32642
33.179	32636
33.189	32612
33.199	32588
33.209	32565
33.219	32542
33.229	32521
33.239	32497
33.249	32472
33.259	32456
33.269	32459
33.279	32456
33.289	32459
33.299	32459
33.309	32464
33.319	32462
33.329	32463
33.339	32464
33.349	32465
33.359	32477
33.369	32476
33.379	32482
33.389	32491
33.399	32505
33.409	32534
33.419	32588
33.429	32620
33.439	32642
33.449	32660
33.459	32679
33.469	32690
33.479	32686
33.489	32699
33.499	32703
33.509	32713
33.519	32712
33.529	32721
33.539	32734
33.549	32737
33.559	32743
33.569	32750
33.579	32754
33.589	32757
33.599	32757
33.609	32760
33.619	32758
33.629	32761
33.639	32760
33.649	32757
33.659	32756
33.669	32760
33.679	32763
33.689	32762
33.699	32760
33.709	32760
33.719	32762
33.729	32763
33.739	32763
33.749	32763
33.759	32763
33.769	32764
33.779	32764
33.789	32766
33.799	32765
33.809	32767
33.819	32767
33.829	32767
33.839	32766
33.849	32764
33.859	32763
33.869	32759
33.879	32758
33.889	32756
33.899	32753
33.909	32751
33.919	32753
33.929	32750
33.939	32751
33.949	32750
33.959	32753
33.969	32749
33.979	32753
33.989	32748
33.999	32747
34.009	32750
34.019	32750
34.029	32749
34.039	32754
34.049	32753
34.059	32746
34.069	32746
34.079	32741
34.089	32736
34.099	32734
34.109	32726
34.119	32734
34.129	32734
34.139	32729
34.149	32721
34.159	32714
34.169	32709
34.179	32717
34.189	32735
34.199	32750
34.209	32754
34.219	32757
34.229	32757
34.239	32761
34.249	32762
34.259	32760
34.269	32760
34.279	32761
34.289	32764
34.299	32763
34.309	32763
34.319	32764
34.329	32759
34.339	32758
34.349	32756
34.359	32752
34.369	32751
34.379	32749
34.389	32742
34.399	32741
34.409	32740
34.419	32742
34.429	32742
34.439	32740
34.449	32739
34.459	32739
34.469	32742
34.479	32746
34.489	32750
34.499	32752
34.509	32752
34.519	32750
34.529	32755
34.539	32755
34.549	32753
34.559	32758
34.569	32759
34.579	32757
34.589	32760
34.599	32763
34.609	32765
34.619	32766
34.629	32768
34.639	32768
34.649	32768
34.659	32769
34.669	32769
34.679	32768
34.689	32767
34.699	32756
34.709	32754
34.719	32745
34.729	32748
34.739	32745
34.749	32746
34.759	32745
34.769	32745
34.779	32742
34.789	32738
34.799	32738
34.809	32729
34.819	32728
34.829	32734
34.839	32736
34.849	32737
34.859	32735
34.869	32724
34.879	32713
34.889	32721
34.899	32737
34.909	32746
34.919	32746
34.929	32747
34.939	32745
34.949	32738
34.959	32751
34.969	32750
34.979	32752
34.989	32749
34.999	32749
35.009	32740
35.019	32744
35.029	32741
35.039	32741
35.049	32749
35.059	32754
35.069	32749
35.079	32750
35.089	32749
35.099	32751
35.109	32749
35.119	32750
35.129	32752
35.139	32752
35.149	32747
35.159	32741
35.169	32737
35.179	32738
35.189	32734
35.199	32717
35.209	32712
35.219	32708
35.229	32707
35.239	32733
35.249	32746
35.259	32763
35.269	32770
35.279	32777
35.289	32786
35.299	32792
35.309	32798
35.319	32794
35.330	32798
35.339	32806
35.349	32815
35.359	32824
35.369	32830
35.379	32834
35.389	32843
35.399	32847
35.409	32853
35.419	32855
35.429	32863
35.439	32866
35.449	32860
35.459	32823
35.469	32782
35.479	32770
35.489	32761
35.499	32758
35.509	32752
35.519	32752
35.529	32749
35.539	32749
35.549	32750
35.559	32752
35.569	32750
35.579	32748
35.589	32751
35.599	32749
35.609	32755
35.619	32752
35.629	32751
35.639	32750
35.649	32745
35.659	32726
35.669	32714
35.679	32705
35.689	32706
35.701	32708
35.710	32701
35.720	32673
35.730	32649
35.740	32625
35.750	32573
35.759	32557
35.769	32667
35.779	32694
35.789	32684
35.799	32673
35.810	32661
35.820	32633
35.829	32596
35.839	32563
35.849	32560
35.860	32545
35.869	32508
35.879	32483
35.889	32477
35.899	32483
35.910	32574
35.919	32636
35.929	32688
35.939	32707
35.949	32715
35.959	32718
35.969	32714
35.979	32738
35.989	32745
35.999	32741
36.009	32749
36.019	32750
36.029	32744
36.039	32744
36.049	32748
36.059	32746
36.069	32752
36.079	32748
36.089	32730
36.099	32682
36.109	32619
36.119	32582
36.129	32603
36.139	32640
36.149	32683
36.159	32706
36.169	32732
36.179	32751
36.189	32765
36.199	32771
36.209	32776
36.219	32778
36.229	32777
36.239	32773
36.249	32771
36.259	32772
36.269	32774
36.279	32777
36.289	32779
36.299	32781
36.309	32783
36.319	32785
36.329	32784
36.339	32783
36.349	32785
36.359	32772
36.369	32769
36.379	32770
36.389	32770
36.399	32770
36.409	32770
36.419	32764
36.429	32756
36.439	32744
36.449	32733
36.459	32725
36.469	32723
36.479	32721
36.489	32715
36.499	32729
36.509	32746
36.519	32742
36.529	32735
36.539	32726
36.549	32690
36.559	32650
36.569	32591
36.579	32562
36.589	32533
36.599	32505
36.609	32474
36.619	32453
36.629	32440
36.639	32428
36.649	32411
36.659	32399
36.669	32367
36.679	32344
36.689	32319
36.699	32297
36.709	32281
36.719	32261
36.729	32239
36.739	32217
36.749	32185
36.759	32155
36.769	32112
36.779	32085
36.789	32054
36.799	32027
36.809	32015
36.819	31999
36.829	31994
36.839	31980
36.849	31971
36.859	31952
36.869	31919
36.879	31898
36.889	31879
36.899	31863
36.909	31847
36.919	31827
36.929	31811
36.939	31800
36.949	31779
36.959	31761
36.969	31722
36.979	31694
36.989	31676
36.999	31662
37.009	31650
37.019	31652
37.029	31671
37.039	31691
37.049	31707
37.059	31703
37.069	31704
37.079	31709
37.089	31741
37.099	31815
37.109	31866
37.119	31898
37.129	31916
37.139	31937
37.149	31976
37.159	32021
37.169	32059
37.179	32089
37.189	32132
37.199	32175
37.209	32263
37.219	32345
37.229	32419
37.239	32487
37.249	32680
37.259	32742
37.269	32765
37.279	32774
37.289	32776
37.299	32778
37.309	32771
37.319	32769
37.329	32767
37.339	32766
37.349	32765
37.359	32766
37.369	32767
37.379	32759
37.389	32749
37.399	32737
37.409	32722
37.419	32734
37.429	32755
37.439	32765
37.449	32760
37.459	32750
37.469	32751
37.479	32752
37.489	32751
37.499	32751
37.509	32747
37.519	32747
37.529	32734
37.539	32743
37.549	32739
37.559	32745
37.569	32741
37.579	32742
37.589	32745
37.599	32747
37.609	32746
37.619	32746
37.629	32749
37.639	32744
37.649	32748
37.659	32747
37.669	32748
37.679	32749
37.689	32753
37.699	32753
37.709	32752
37.719	32747
37.729	32746
37.739	32742
37.749	32735
37.759	32727
37.769	32720
37.779	32720
37.789	32733
37.799	32736
37.809	32743
37.819	32741
37.829	32740
37.839	32746
37.849	32744
37.859	32742
37.869	32733
37.879	32734
37.889	32735
37.899	32744
37.909	32746
37.919	32747
37.929	32745
37.939	32747
37.949	32747
37.959	32750
37.969	32752
37.979	32749
37.989	32753
37.999	32750
38.009	32752
38.019	32751
38.029	32747
38.039	32750
38.049	32747
38.059	32747
38.069	32752
38.079	32752
38.089	32752
38.099	32761
38.109	32777
38.119	32775
38.129	32756
38.139	32732
38.149	32742
38.159	32758
38.169	32763
38.179	32767
38.189	32760
38.199	32725
38.209	32658
38.219	32628
38.229	32656
38.239	32712
38.249	32705
38.259	32652
38.269	32598
38.279	32582
38.289	32608
38.299	32587
38.309	32622
38.319	32661
38.329	32709
38.339	32713
38.349	32723
38.359	32729
38.369	32736
38.379	32738
38.389	32741
38.399	32744
38.409	32747
38.419	32744
38.429	32746
38.439	32750
38.449	32753
38.459	32754
38.469	32755
38.479	32756
38.489	32750
38.499	32752
38.509	32747
38.519	32749
38.529	32745
38.539	32747
38.549	32748
38.559	32742
38.569	32744
38.579	32739
38.589	32735
38.599	32740
38.609	32733
38.619	32732
38.629	32733
38.639	32734
38.649	32726
38.659	32727
38.669	32728
38.679	32729
38.689	32718
38.699	32714
38.709	32711
38.719	32706
38.729	32704
38.739	32702
38.749	32700
38.759	32702
38.769	32692
38.779	32689
38.789	32685
38.799	32667
38.809	32675
38.819	32668
38.829	32673
38.839	32669
38.849	32677
38.859	32672
38.869	32669
38.879	32675
38.889	32685
38.899	32690
38.909	32697
38.919	32717
38.929	32727
38.939	32735
38.949	32745
38.959	32742
38.969	32749
38.979	32750
38.989	32749
38.999	32739
39.009	32724
39.019	32707
39.029	32712
39.039	32713
39.049	32747
39.059	32750
39.069	32740
39.079	32744
39.089	32743
39.099	32729
39.109	32734
39.119	32736
39.129	32729
39.139	32725
39.149	32727
39.159	32733
39.169	32739
39.179	32745
39.189	32754
39.199	32754
39.209	32752
39.219	32749
39.229	32752
39.239	32749
39.249	32748
39.259	32747
39.269	32749
39.279	32752
39.289	32749
39.299	32743
39.309	32751
39.319	32750
39.329	32748
39.339	32748
39.349	32751
39.359	32747
39.369	32749
39.379	32747
39.389	32752
39.399	32748
39.409	32746
39.419	32746
39.429	32751
39.439	32751
39.449	32752
39.459	32750
39.469	32750
39.479	32747
39.489	32749
39.499	32748
39.509	32749
39.519	32748
39.529	32734
39.539	32744
39.549	32738
39.559	32746
39.569	32746
39.579	32751
39.589	32755
39.599	32756
39.609	32755
39.619	32761
39.629	32760
39.639	32758
39.649	32759
39.659	32760
39.669	32762
39.679	32763
39.689	32764
39.699	32765
39.709	32765
39.719	32767
39.729	32766
39.739	32765
39.749	32765
39.759	32765
39.769	32765
39.779	32764
39.789	32763
39.799	32764
39.809	32763
39.819	32766
39.829	32765
39.839	32765
39.849	32762
39.859	32754
39.869	32751
39.879	32742
39.889	32726
39.899	32712
39.909	32706
39.919	32695
39.929	32681
39.939	32654
39.949	32627
39.959	32587
39.969	32529
39.979	32490
39.989	32467
39.999	32458
40.009	32454
40.019	32450
40.029	32450
40.039	32438
40.049	32428
40.059	32419
40.069	32410
40.079	32405
40.089	32406
40.099	32394
40.109	32391
40.119	32379
40.129	32375
40.139	32368
40.149	32356
40.159	32358
40.169	32352
40.179	32347
40.189	32352
40.199	32349
40.209	32358
40.219	32357
40.229	32360
40.239	32354
40.249	32363
40.259	32356
40.269	32352
40.279	32341
40.289	32336
40.299	32328
40.309	32320
40.319	32315
40.329	32314
40.339	32306
40.349	32304
40.359	32298
40.369	32299
40.379	32308
40.389	32315
40.399	32317
40.409	32328
40.419	32334
40.429	32327
40.439	32331
40.449	32333
40.459	32346
40.469	32361
40.479	32378
40.489	32409
40.499	32447
40.509	32469
40.519	32511
40.529	32565
40.539	32629
40.549	32693
40.559	32731
40.569	32743
40.579	32748
40.589	32748
40.599	32746
40.609	32749
40.619	32746
40.629	32753
40.639	32757
40.649	32761
40.659	32766
40.669	32767
40.679	32769
40.689	32772
40.699	32773
40.709	32767
40.719	32760
40.729	32757
40.739	32755
40.749	32757
40.759	32762
40.769	32762
40.779	32765
40.789	32767
40.799	32768
40.809	32768
40.819	32769
40.829	32770
40.839	32771
40.849	32773
40.859	32774
40.869	32776
40.879	32778
40.889	32776
40.899	32776
40.909	32777
40.919	32778
40.929	32777
40.939	32777
40.949	32779
40.959	32778
40.969	32777
40.979	32774
40.989	32769
41.015	32769
41.019	32769
41.029	32766
41.039	32764
41.049	32763
41.059	32761
41.069	32761
41.079	32758
41.089	32760
41.099	32757
41.109	32756
41.119	32753
41.129	32754
41.139	32755
41.149	32757
41.159	32758
41.169	32760
41.179	32759
41.189	32760
41.199	32757
41.209	32755
41.219	32750
41.229	32751
41.239	32754
41.249	32763
41.259	32772
41.269	32775
41.279	32769
41.289	32765
41.299	32761
41.309	32759
41.319	32755
41.329	32745
41.339	32713
41.349	32680
41.359	32667
41.369	32641
41.379	32654
41.389	32606
41.399	32547
41.409	32493
41.419	32476
41.429	32488
41.439	32500
41.449	32494
41.459	32480
41.469	32464
41.479	32436
41.489	32411
41.499	32372
41.509	32350
41.519	32326
41.529	32306
41.539	32272
41.549	32242
41.559	32208
41.569	32187
41.579	32167
41.589	32161
41.599	32171
41.609	32161
41.619	32159
41.629	32160
41.639	32160
41.649	32165
41.659	32162
41.669	32169
41.679	32155
41.689	32148
41.699	32150
41.709	32150
41.719	32161
41.729	32177
41.739	32184
41.749	32196
41.759	32238
41.769	32304
41.779	32345
41.789	32383
41.799	32408
41.809	32432
41.819	32455
41.829	32480
41.839	32525
41.849	32590
41.859	32685
41.869	32731
41.879	32756
41.889	32759
41.899	32763
41.909	32766
41.919	32766
41.929	32766
41.939	32768
41.949	32766
41.959	32763
41.969	32760
41.979	32760
41.989	32759
41.999	32760
42.009	32758
42.019	32762
42.029	32762
42.039	32757
42.049	32755
42.059	32751
42.069	32745
42.079	32737
42.089	32725
42.099	32720
42.109	32697
42.119	32723
42.129	32723
42.139	32705
42.149	32713
42.159	32731
42.169	32732
42.179	32625
42.189	32589
42.199	32600
42.209	32611
42.219	32582
42.229	32523
42.239	32488
42.249	32463
42.259	32452
42.269	32443
42.279	32444
42.289	32447
42.299	32444
42.309	32441
42.319	32451
42.329	32455
42.339	32448
42.349	32441
42.359	32420
42.369	32374
42.379	32361
42.389	32358
42.399	32364
42.409	32378
42.419	32398
42.429	32420
42.439	32437
42.449	32453
42.459	32466
42.469	32482
42.479	32494
42.489	32501
42.499	32495
42.509	32506
42.519	32499
42.529	32488
42.539	32487
42.549	32502
42.559	32496
42.569	32505
42.579	32497
42.589	32493
42.599	32492
42.609	32498
42.619	32500
42.629	32484
42.639	32478
42.649	32471
42.659	32464
42.669	32470
42.679	32464
42.689	32461
42.699	32460
42.709	32452
42.719	32454
42.729	32446
42.739	32438
42.749	32432
42.759	32425
42.769	32411
42.779	32405
42.789	32403
42.799	32390
42.809	32377
42.819	32385
42.829	32420
42.839	32440
42.849	32445
42.859	32450
42.869	32460
42.879	32474
42.889	32487
42.901	32493
42.909	32499
42.920	32502
42.934	32507
42.948	32517
42.969	32485
42.983	32483
42.989	32487
42.999	32492
43.009	32499
43.019	32495
43.029	32492
43.039	32478
43.049	32469
43.059	32449
43.069	32442
43.079	32435
43.089	32438
43.099	32442
43.109	32441
43.119	32444
43.129	32456
43.139	32466
43.149	32469
43.159	32474
43.169	32503
43.179	32526
43.189	32533
43.199	32524
43.209	32542
43.219	32530
43.229	32516
43.239	32514
43.249	32511
43.259	32502
43.269	32495
43.279	32484
43.289	32474
43.299	32466
43.309	32460
43.319	32462
43.329	32461
43.339	32460
43.349	32458
43.359	32456
43.369	32468
43.379	32497
43.389	32553
43.399	32579
43.409	32583
43.419	32620
43.429	32650
43.439	32687
43.449	32722
43.459	32734
43.469	32750
43.479	32755
43.489	32759
43.499	32764
43.509	32764
43.519	32766
43.529	32768
43.539	32767
43.549	32768
43.559	32769
43.569	32770
43.579	32770
43.589	32772
43.599	32772
43.609	32774
43.619	32776
43.629	32777
43.639	32777
43.649	32777
43.659	32778
43.669	32779
43.679	32779
43.689	32781
43.699	32780
43.709	32780
43.719	32779
43.729	32775
43.739	32773
43.749	32772
43.759	32772
43.769	32771
43.779	32769
43.789	32769
43.799	32768
43.809	32765
43.819	32764
43.829	32758
43.839	32754
43.849	32746
43.859	32746
43.869	32745
43.879	32749
43.889	32749
43.899	32745
43.909	32749
43.919	32747
43.929	32741
43.939	32744
43.949	32743
43.959	32751
43.969	32747
43.979	32750
43.989	32750
43.999	32750
44.009	32750
44.019	32748
44.029	32748
44.039	32747
44.049	32747
44.059	32748
44.069	32746
44.079	32745
44.089	32748
44.099	32748
44.109	32753
44.119	32757
44.129	32758
44.139	32760
44.149	32762
44.159	32761
44.169	32761
44.179	32758
44.189	32758
44.199	32755
44.209	32753
44.219	32753
44.229	32756
44.239	32758
44.249	32763
44.259	32763
44.269	32765
44.279	32767
44.289	32767
44.299	32769
44.309	32769
44.319	32767
44.329	32765
44.339	32764
44.349	32762
44.359	32754
44.369	32741
44.379	32718
44.389	32663
44.399	32562
44.409	32568
44.419	32572
44.429	32536
44.439	32494
44.449	32471
44.459	32441
44.469	32425
44.484	32415
44.502	32407
44.509	32404
44.519	32377
44.531	32377
44.539	32362
44.549	32349
44.559	32344
44.569	32339
44.579	32339
44.589	32343
44.599	32354
44.609	32369
44.619	32382
44.629	32396
44.639	32403
44.649	32413
44.659	32428
44.669	32444
44.679	32465
44.689	32491
44.699	32518
44.709	32556
44.719	32594
44.729	32643
44.739	32678
44.749	32678
44.759	32666
44.769	32675
44.779	32675
44.789	32707
44.799	32745
44.809	32752
44.819	32752
44.829	32748
44.839	32747
44.849	32749
44.859	32751
44.869	32749
44.879	32750
44.889	32747
44.899	32751
44.909	32749
44.919	32750
44.929	32748
44.939	32751
44.949	32752
44.959	32751
44.969	32748
44.979	32748
44.989	32751
44.999	32749
45.009	32749
45.019	32748
45.029	32748
45.039	32749
45.049	32748
45.059	32749
45.069	32751
45.079	32747
45.089	32751
45.099	32749
45.109	32747
45.119	32745
45.129	32748
45.139	32746
45.149	32748
45.159	32744
45.169	32746
45.179	32746
45.189	32749
45.199	32746
45.209	32748
45.219	32749
45.229	32752
45.239	32753
45.249	32749
45.259	32747
45.269	32747
45.279	32750
45.289	32751
45.299	32749
45.309	32748
45.319	32753
45.329	32752
45.339	32751
45.349	32752
45.359	32749
45.369	32747
45.379	32749
45.389	32750
45.399	32749
45.409	32747
45.419	32745
45.429	32748
45.439	32748
45.449	32745
45.459	32749
45.469	32749
45.479	32748
45.489	32746
45.499	32749
45.509	32747
45.519	32749
45.529	32750
45.539	32749
45.549	32750
45.559	32753
45.569	32749
45.579	32751
45.589	32748
45.599	32748
45.609	32747
45.619	32747
45.629	32749
45.639	32750
45.649	32751
45.659	32750
45.669	32751
45.679	32749
45.689	32745
45.699	32751
45.709	32750
45.719	32746
45.729	32749
45.739	32744
45.749	32746
45.759	32748
45.769	32746
45.779	32749
45.789	32749
45.799	32749
45.809	32748
45.819	32750
45.829	32751
45.839	32745
45.849	32749
45.859	32752
45.869	32751
45.879	32752
45.889	32750
45.899	32750
45.909	32751
45.919	32748
45.929	32748
45.939	32749
45.949	32748
45.959	32748
45.969	32747
45.979	32745
45.989	32751
45.999	32750
46.009	32748
46.019	32749
46.029	32746
46.039	32750
46.049	32751
46.059	32749
46.069	32750
46.079	32750
46.089	32751
46.099	32750
46.109	32748
46.119	32752
46.129	32750
46.139	32749
46.149	32751
46.159	32746
46.169	32748
46.179	32747
46.189	32748
46.199	32751
46.209	32749
46.219	32750
46.229	32747
46.239	32749
46.249	32751
46.259	32750
46.269	32746
46.279	32750
46.289	32750
46.299	32754
46.309	32743
46.319	32751
46.329	32748
46.339	32747
46.349	32750
46.359	32747
46.369	32747
46.379	32746
46.389	32748
46.399	32749
46.409	32749
46.419	32748
46.429	32749
46.439	32749
46.449	32749
46.459	32748
46.469	32746
46.479	32747
46.489	32749
46.499	32749
46.509	32749
46.519	32750
46.529	32750
46.539	32751
46.549	32748
46.559	32748
46.569	32748
46.579	32751
46.589	32751
46.599	32746
46.609	32748
46.619	32751
46.629	32752
46.639	32751
46.649	32747
46.659	32749
46.669	32749
46.679	32750
46.689	32751
46.699	32749
46.709	32750
46.719	32746
46.729	32748
46.739	32753
46.749	32753
46.759	32747
46.769	32748
46.779	32749
46.789	32751
46.799	32750
46.809	32744
46.819	32747
46.829	32749
46.839	32748
46.849	32745
46.859	32748
46.869	32747
46.879	32740
46.889	32747
46.899	32748
46.909	32748
46.919	32750
46.929	32748
46.939	32747
46.949	32749
46.959	32750
46.969	32746
46.979	32749
46.989	32748
46.999	32746
47.009	32753
47.019	32748
47.029	32750
47.039	32747
47.049	32752
47.059	32746
47.069	32747
47.079	32749
47.089	32747
47.099	32748
47.109	32748
47.119	32749
47.129	32746
47.139	32749
47.149	32750
47.159	32748
47.169	32745
47.179	32748
47.189	32752
47.199	32747
47.209	32747
47.219	32747
47.229	32745
47.239	32750
47.249	32749
47.259	32748
47.269	32750
47.279	32745
47.289	32749
47.299	32745
47.309	32747
47.319	32744
47.329	32748
47.339	32749
47.349	32749
47.359	32745
47.369	32747
47.379	32747
47.389	32747
47.399	32747
47.409	32752
47.419	32751
47.429	32747
47.439	32746
47.449	32748
47.459	32743
47.469	32748
47.479	32748
47.489	32748
47.499	32744
47.509	32744
47.519	32742
47.529	32741
47.539	32742
47.549	32741
47.559	32738
47.569	32740
47.579	32731
47.589	32723
47.599	32744
47.609	32746
47.619	32746
47.629	32749
47.640	32748
47.649	32743
47.659	32748
47.669	32743
47.679	32746
47.700	32749
47.719	32749
47.722	32750
47.729	32749
47.739	32748
47.749	32744
47.759	32744
47.769	32746
47.779	32750
47.789	32750
47.799	32751
47.809	32747
47.819	32747
47.829	32750
47.839	32750
47.849	32748
47.859	32746
47.869	32743
47.879	32749
47.889	32751
47.899	32750
47.909	32747
47.919	32748
47.929	32749
47.939	32747
47.949	32749
47.959	32747
47.969	32748
47.979	32752
47.989	32746
47.999	32746
48.009	32749
48.019	32749
48.029	32750
48.039	32746
48.049	32748
48.059	32750
48.069	32748
48.079	32749
48.089	32746
48.099	32748
48.109	32748
48.119	32747
48.129	32748
48.139	32747
48.149	32748
48.159	32751
48.169	32749
48.179	32747
48.189	32747
48.199	32746
48.209	32748
48.219	32744
48.229	32748
48.239	32746
48.249	32745
48.259	32749
48.269	32749
48.279	32756
48.289	32754
48.299	32752
48.309	32756
48.319	32754
48.329	32754
48.339	32755
48.349	32756
48.359	32758
48.369	32759
48.379	32761
48.389	32762
48.399	32760
48.409	32754
48.419	32755
48.429	32752
48.439	32749
48.449	32748
48.459	32750
48.469	32752
48.479	32751
48.489	32750
48.499	32761
48.509	32762
48.519	32763
48.529	32762
48.539	32753
48.549	32752
48.559	32754
48.569	32751
48.579	32749
48.589	32744
48.599	32749
48.609	32749
48.619	32750
48.629	32750
48.639	32750
48.649	32751
48.659	32754
48.669	32761
48.679	32760
48.689	32764
48.699	32764
48.709	32763
48.719	32763
48.729	32760
48.739	32742
48.749	32747
48.759	32747
48.769	32745
48.779	32751
48.789	32752
48.799	32751
48.809	32752
48.819	32751
48.829	32751
48.839	32749
48.849	32749
48.859	32749
48.869	32748
48.879	32752
48.889	32750
48.899	32751
48.909	32751
48.919	32751
48.929	32748
48.939	32749
48.949	32750
48.959	32751
48.969	32751
48.979	32748
48.989	32746
48.999	32750
49.009	32749
49.019	32751
49.029	32749
49.039	32750
49.049	32749
49.059	32749
49.069	32751
49.079	32749
49.089	32747
49.099	32747
49.109	32748
49.119	32751
49.129	32752
49.139	32747
49.149	32749
49.159	32749
49.169	32749
49.179	32751
49.189	32747
49.199	32748
49.209	32750
49.219	32753
49.229	32748
49.239	32748
49.249	32752
49.259	32749
49.270	32747
49.279	32747
49.289	32749
49.299	32752
49.309	32751
49.319	32748
49.329	32750
49.339	32745
49.349	32747
49.359	32747
49.369	32747
49.379	32749
49.389	32751
49.399	32744
49.409	32748
49.419	32749
49.429	32748
49.439	32748
49.449	32748
49.459	32749
49.469	32747
49.479	32753
49.489	32752
49.499	32754
49.509	32756
49.519	32757
49.529	32757
49.539	32754
49.549	32754
49.559	32754
49.569	32751
49.579	32753
49.589	32753
49.599	32745
49.609	32753
49.619	32755
49.629	32748
49.639	32753
49.649	32748
49.659	32747
49.669	32751
49.679	32749
49.689	32750
49.699	32749
49.709	32750
49.719	32749
49.729	32752
49.739	32751
49.749	32751
49.759	32748
49.769	32750
49.779	32747
49.789	32751
49.799	32751
49.809	32754
49.821	32749
49.830	32749
49.840	32749
49.850	32747
49.859	32753
49.869	32750
49.879	32749
49.889	32751
49.899	32752
49.909	32749
49.919	32748
49.929	32748
49.939	32749
49.949	32748
49.959	32748
49.969	32751
49.979	32746
49.989	32753
49.999	32749
50.009	32750
50.019	32746
50.029	32749
50.039	32750
50.049	32752
50.059	32751
50.069	32749
50.079	32752
50.089	32751
50.099	32749
50.109	32749
50.119	32747
50.129	32749
50.139	32750
50.149	32753
50.159	32747
50.169	32753
50.179	32751
50.189	32750
50.199	32747
50.209	32752
50.219	32749
50.229	32753
50.239	32750
50.249	32750
50.259	32752
50.269	32755
50.279	32749
50.289	32751
50.299	32750
50.309	32749
50.319	32748
50.329	32746
50.339	32745
50.349	32748
50.359	32748
50.369	32744
50.379	32751
50.389	32753
50.399	32751
50.409	32746
50.419	32746
50.429	32748
50.439	32749
50.449	32746
50.459	32749
50.469	32747
50.479	32752
50.489	32747
50.499	32751
50.509	32748
50.519	32753
50.530	32749
50.539	32753
50.549	32747
50.559	32748
50.569	32747
50.579	32747
50.589	32749
50.599	32751
50.609	32750
50.619	32750
50.629	32742
50.639	32747
50.649	32747
50.659	32745
50.669	32746
50.679	32747
50.689	32744
50.699	32742
50.709	32738
50.719	32748
50.729	32747
50.739	32745
50.749	32747
50.759	32745
50.769	32746
50.779	32750
50.789	32747
50.799	32750
50.809	32750
50.819	32750
50.829	32750
50.839	32752
50.849	32752
50.859	32748
50.869	32748
50.879	32749
50.889	32750
50.899	32750
50.909	32745
50.919	32754
50.929	32749
50.939	32746
50.949	32751
50.959	32749
50.969	32750
50.979	32749
50.989	32749
50.999	32742
51.009	32750
51.019	32745
51.029	32744
51.039	32744
51.049	32741
51.059	32739
51.069	32742
51.079	32740
51.089	32749
51.099	32741
51.109	32745
51.119	32745
51.129	32742
51.139	32746
51.149	32747
51.159	32745
51.169	32742
51.179	32745
51.189	32740
51.199	32738
51.209	32748
51.219	32741
51.229	32739
51.239	32742
51.249	32741
51.259	32741
51.269	32743
51.279	32743
51.289	32740
51.299	32742
51.309	32742
51.319	32741
51.329	32744
51.339	32746
51.349	32746
51.359	32744
51.369	32744
51.379	32746
51.389	32747
51.399	32746
51.409	32749
51.419	32745
51.429	32750
51.439	32750
51.449	32747
51.459	32748
51.469	32749
51.479	32742
51.489	32746
51.499	32749
51.509	32748
51.519	32747
51.529	32749
51.539	32749
51.549	32749
51.559	32744
51.569	32745
51.579	32750
51.589	32745
51.599	32748
51.609	32750
51.619	32748
51.629	32751
51.639	32748
51.649	32747
51.659	32747
51.669	32744
51.679	32746
51.689	32748
51.699	32747
51.709	32752
51.719	32745
51.729	32746
51.739	32749
51.749	32747
51.759	32748
51.769	32746
51.780	32746
51.789	32746
51.799	32747
51.809	32749
51.819	32748
51.829	32745
51.839	32749
51.849	32748
51.859	32749
51.869	32748
51.879	32751
51.889	32750
51.899	32747
51.909	32748
51.919	32748
51.929	32749
51.939	32745
51.949	32746
51.959	32751
51.969	32751
51.979	32748
51.989	32751
51.999	32752
52.009	32745
52.024	32750
52.034	32749
52.043	32749
52.057	32748
52.072	32752
52.086	32746
52.103	32745
52.109	32748
52.119	32749
52.129	32748
52.139	32744
52.149	32747
52.159	32750
52.169	32747
52.179	32745
52.189	32751
52.199	32749
52.209	32750
52.219	32748
52.229	32748
52.239	32748
52.249	32748
52.259	32752
52.269	32745
52.279	32746
52.289	32747
52.299	32747
52.309	32750
52.319	32748
52.329	32746
52.339	32750
52.349	32751
52.359	32748
52.369	32746
52.379	32748
52.389	32748
52.399	32745
52.409	32743
52.419	32747
52.429	32747
52.439	32749
52.449	32748
52.459	32749
52.469	32745
52.479	32745
52.489	32748
52.499	32747
52.509	32744
52.519	32745
52.529	32750
52.539	32748
52.549	32747
52.559	32745
52.569	32750
52.579	32744
52.589	32742
52.599	32747
52.609	32748
52.619	32742
52.629	32742
52.639	32745
52.649	32743
52.659	32741
52.669	32733
52.679	32731
52.689	32728
52.699	32725
52.709	32716
52.719	32711
52.729	32710
52.739	32708
52.749	32684
52.759	32627
52.769	32561
52.779	32544
52.789	32545
52.799	32563
52.809	32549
52.819	32544
52.829	32516
52.839	32487
52.849	32472
52.859	32456
52.869	32448
52.879	32448
52.889	32445
52.899	32442
52.909	32435
52.919	32427
52.929	32421
52.939	32421
52.949	32420
52.959	32418
52.969	32412
52.979	32409
52.989	32405
52.999	32403
53.009	32400
53.019	32398
53.029	32391
53.039	32378
53.049	32357
53.059	32344
53.069	32333
53.079	32324
53.089	32317
53.099	32311
53.109	32296
53.119	32281
53.129	32269
53.139	32262
53.149	32255
53.159	32256
53.169	32251
53.179	32248
53.189	32247
53.199	32240
53.209	32252
53.219	32273
53.229	32284
53.239	32294
53.249	32298
53.259	32294
53.269	32288
53.279	32279
53.289	32274
53.299	32272
53.309	32260
53.319	32240
53.329	32219
53.339	32213
53.349	32204
53.359	32193
53.369	32179
53.379	32179
53.389	32177
53.399	32176
53.409	32179
53.419	32194
53.429	32204
53.439	32213
53.449	32226
53.459	32248
53.469	32269
53.479	32288
53.489	32309
53.499	32324
53.509	32339
53.519	32355
53.529	32366
53.539	32374
53.549	32386
53.559	32391
53.569	32389
53.579	32389
53.589	32385
53.599	32385
53.609	32384
53.619	32382
53.629	32381
53.639	32383
53.649	32389
53.659	32387
53.669	32392
53.679	32400
53.689	32406
53.699	32408
53.709	32418
53.719	32423
53.729	32427
53.739	32428
53.749	32439
53.759	32442
53.769	32448
53.779	32452
53.789	32449
53.799	32449
53.809	32446
53.819	32445
53.829	32445
53.839	32439
53.849	32442
53.859	32443
53.869	32445
53.879	32443
53.889	32444
53.899	32435
53.909	32437
53.919	32435
53.929	32428
53.939	32425
53.949	32422
53.959	32430
53.969	32427
53.979	32428
53.989	32424
53.999	32421
54.009	32417
54.019	32416
54.029	32417
54.039	32425
54.049	32430
54.059	32427
54.069	32437
54.079	32446
54.089	32451
54.099	32449
54.109	32453
54.119	32457
54.129	32458
54.139	32459
54.149	32460
54.159	32455
54.169	32446
54.179	32433
54.189	32429
54.199	32423
54.209	32417
54.219	32412
54.229	32410
54.239	32400
54.249	32399
54.259	32397
54.269	32392
54.279	32387
54.289	32382
54.299	32378
54.309	32366
54.319	32364
54.329	32358
54.339	32360
54.349	32353
54.359	32351
54.369	32351
54.379	32360
54.389	32360
54.399	32359
54.409	32360
54.419	32356
54.429	32354
54.439	32358
54.449	32365
54.459	32372
54.469	32374
54.479	32375
54.489	32377
54.499	32377
54.509	32374
54.519	32371
54.529	32361
54.539	32357
54.549	32352
54.559	32348
54.569	32344
54.579	32343
54.589	32345
54.599	32343
54.609	32341
54.619	32335
54.629	32328
54.639	32324
54.649	32321
54.659	32327
54.669	32328
54.679	32328
54.689	32333
54.699	32331
54.709	32333
54.719	32334
54.729	32341
54.739	32342
54.749	32350
54.759	32353
54.769	32360
54.779	32360
54.789	32364
54.799	32368
54.809	32369
54.819	32373
54.829	32371
54.839	32368
54.849	32367
54.859	32365
54.869	32354
54.879	32353
54.889	32356
54.899	32357
54.909	32360
54.919	32357
54.929	32360
54.939	32359
54.949	32359
54.959	32366
54.969	32373
54.979	32376
54.989	32384
54.999	32402
55.009	32422
55.019	32446
55.029	32465
55.039	32480
55.049	32505
55.059	32535
55.069	32552
55.079	32606
55.089	32631
55.099	32654
55.109	32684
55.119	32696
55.129	32705
55.139	32716
55.149	32721
55.159	32735
55.169	32735
55.179	32743
55.189	32742
55.199	32749
55.209	32746
55.219	32747
55.229	32747
55.239	32748
55.249	32749
55.259	32747
55.269	32747
55.280	32745
55.289	32745
55.299	32750
55.309	32745
55.319	32746
55.329	32748
55.339	32746
55.349	32749
55.359	32749
55.369	32749
55.379	32749
55.389	32745
55.399	32747
55.409	32747
55.419	32748
55.429	32753
55.439	32748
55.449	32749
55.459	32748
55.469	32755
55.479	32745
55.489	32745
55.499	32749
55.509	32748
55.519	32748
55.529	32746
55.539	32749
55.549	32748
55.559	32749
55.569	32751
55.579	32745
55.589	32742
55.599	32747
55.609	32748
55.620	32745
55.629	32748
55.639	32747
55.649	32746
55.659	32743
55.669	32746
55.679	32750
55.689	32747
55.699	32750
55.709	32747
55.719	32749
55.729	32749
55.739	32748
55.749	32745
55.759	32747
55.769	32743
55.779	32745
55.789	32745
55.799	32746
55.809	32749
55.819	32747
55.829	32746
55.839	32745
55.849	32744
55.859	32750
55.869	32754
55.879	32746
55.889	32742
55.899	32749
55.909	32747
55.919	32747
55.929	32748
55.939	32750
55.949	32744
55.959	32749
55.969	32748
55.979	32749
55.989	32750
55.999	32747
56.009	32745
56.019	32748
56.029	32749
56.039	32747
56.049	32746
56.059	32746
56.069	32741
56.079	32743
56.089	32741
56.099	32736
56.109	32743
56.119	32740
56.129	32739
56.139	32736
56.149	32739
56.159	32741
56.169	32742
56.179	32736
56.189	32737
56.199	32742
56.209	32743
56.219	32742
56.229	32739
56.239	32737
56.249	32738
56.259	32731
56.269	32734
56.279	32736
56.289	32728
56.299	32726
56.309	32717
56.319	32722
56.329	32712
56.339	32703
56.349	32689
56.359	32685
56.369	32665
56.379	32663
56.389	32651
56.399	32641
56.409	32643
56.419	32632
56.429	32605
56.439	32592
56.449	32588
56.459	32586
56.469	32580
56.479	32570
56.489	32569
56.499	32549
56.509	32533
56.519	32505
56.529	32479
56.539	32471
56.549	32459
56.559	32445
56.569	32439
56.579	32435
56.589	32425
56.599	32429
56.609	32434
56.619	32433
56.629	32434
56.640	32436
56.649	32441
56.659	32448
56.669	32451
56.679	32452
56.689	32452
56.699	32451
56.709	32447
56.719	32439
56.729	32421
56.739	32409
56.749	32395
56.759	32380
56.769	32373
56.779	32365
56.789	32350
56.799	32347
56.809	32336
56.819	32327
56.829	32321
56.839	32318
56.849	32319
56.859	32314
56.869	32314
56.879	32316
56.889	32317
56.899	32321
56.909	32327
56.919	32328
56.929	32330
56.939	32330
56.949	32334
56.959	32335
56.969	32334
56.979	32336
56.989	32334
56.999	32340
57.009	32337
57.019	32343
57.029	32342
57.039	32349
57.049	32356
57.059	32368
57.069	32373
57.079	32380
57.089	32387
57.099	32393
57.109	32396
57.119	32402
57.129	32402
57.139	32404
57.149	32399
57.159	32404
57.169	32398
57.179	32396
57.189	32397
57.199	32395
57.209	32399
57.219	32399
57.229	32398
57.239	32401
57.249	32409
57.259	32413
57.269	32417
57.279	32418
57.289	32426
57.299	32430
57.309	32437
57.319	32443
57.329	32447
57.339	32456
57.349	32461
57.359	32468
57.369	32469
57.379	32472
57.389	32476
57.399	32481
57.409	32478
57.419	32481
57.429	32484
57.439	32482
57.449	32479
57.459	32480
57.469	32481
57.479	32489
57.489	32490
57.499	32494
57.509	32504
57.519	32510
57.529	32516
57.539	32543
57.549	32557
57.559	32565
57.569	32563
57.579	32578
57.589	32574
57.599	32580
57.609	32591
57.619	32589
57.629	32585
57.639	32580
57.649	32568
57.659	32564
57.669	32565
57.679	32553
57.689	32542
57.699	32543
57.709	32523
57.719	32513
57.729	32504
57.739	32496
57.749	32493
57.760	32487
57.769	32481
57.779	32476
57.789	32475
57.799	32472
57.809	32474
57.819	32472
57.829	32474
57.839	32476
57.849	32484
57.859	32487
57.869	32498
57.879	32506
57.889	32518
57.899	32530
57.909	32550
57.919	32570
57.930	32583
57.939	32606
57.949	32617
57.959	32636
57.969	32645
57.979	32653
57.989	32661
57.999	32660
58.009	32651
58.019	32646
58.029	32648
58.039	32638
58.049	32639
58.059	32631
58.069	32624
58.079	32620
58.089	32613
58.099	32612
58.109	32613
58.119	32624
58.129	32623
58.139	32631
58.149	32643
58.159	32650
58.169	32669
58.179	32672
58.189	32689
58.199	32696
58.209	32702
58.219	32714
58.229	32711
58.239	32713
58.249	32724
58.259	32722
58.269	32732
58.279	32735
58.289	32738
58.299	32734
58.309	32738
58.319	32741
58.329	32743
58.339	32745
58.349	32744
58.359	32743
58.369	32750
58.379	32747
58.389	32742
58.399	32747
58.409	32739
58.419	32748
58.429	32747
58.439	32750
58.449	32744
58.459	32747
58.469	32745
58.479	32747
58.489	32749
58.499	32743
58.509	32744
58.519	32743
58.529	32747
58.539	32745
58.549	32749
58.559	32749
58.569	32748
58.579	32748
58.589	32747
58.599	32745
58.609	32746
58.619	32744
58.629	32747
58.639	32748
58.649	32749
58.659	32748
58.669	32746
58.679	32749
58.689	32744
58.699	32750
58.709	32744
58.719	32744
58.729	32748
58.739	32746
58.749	32744
58.759	32747
58.769	32749
58.779	32745
58.789	32746
58.799	32748
58.809	32744
58.819	32743
58.829	32746
58.839	32748
58.849	32746
58.859	32749
58.869	32748
58.879	32751
58.889	32746
58.899	32746
58.909	32749
58.919	32745
58.929	32745
58.939	32749
58.949	32751
58.959	32745
58.969	32746
58.980	32750
58.989	32747
59.000	32743
59.009	32745
59.020	32738
59.029	32740
59.039	32742
59.049	32744
59.059	32741
59.069	32732
59.079	32736
59.089	32724
59.099	32724
59.109	32721
59.119	32716
59.129	32710
59.139	32688
59.149	32673
59.159	32671
59.169	32645
59.179	32621
59.189	32610
59.199	32590
59.209	32578
59.219	32565
59.229	32550
59.239	32548
59.249	32536
59.259	32523
59.269	32501
59.279	32495
59.289	32492
59.299	32485
59.309	32481
59.319	32476
59.329	32472
59.339	32465
59.349	32460
59.359	32458
59.369	32456
59.379	32458
59.389	32460
59.399	32456
59.409	32455
59.419	32458
59.429	32462
59.439	32462
59.449	32459
59.459	32460
59.469	32458
59.479	32454
59.489	32450
59.499	32446
59.509	32446
59.519	32445
59.529	32445
59.539	32441
59.549	32437
59.559	32435
59.569	32435
59.579	32435
59.589	32436
59.599	32439
59.609	32441
59.619	32450
59.629	32462
59.639	32472
59.649	32488
59.659	32496
59.669	32505
59.679	32507
59.689	32498
59.699	32492
59.709	32486
59.719	32484
59.729	32481
59.739	32484
59.749	32480
59.759	32478
59.769	32469
59.779	32459
59.789	32456
59.799	32452
59.809	32456
59.819	32459
59.829	32460
59.839	32466
59.849	32470
59.859	32469
59.869	32473
59.879	32473
59.889	32481
59.899	32489
59.909	32496
59.919	32500
59.929	32504
59.939	32512
59.949	32514
59.959	32516
59.969	32535
59.979	32549
59.989	32570
59.999	32608
60.009	32626
60.019	32645
60.029	32662
60.039	32681
60.049	32696
60.059	32718
60.069	32708
60.079	32726
60.089	32731
60.099	32739
60.109	32736
60.119	32740
60.129	32742
60.139	32749
60.149	32749
60.159	32747
60.169	32747
60.179	32746
60.189	32749
60.199	32750
60.209	32746
60.219	32742
60.229	32747
60.239	32744
60.249	32748
60.259	32745
60.269	32748
60.279	32746
60.289	32745
60.299	32748
60.309	32748
60.319	32752
60.329	32742
60.339	32747
60.349	32746
60.359	32748
60.369	32746
60.379	32747
60.389	32748
60.399	32749
60.409	32748
60.419	32751
60.429	32746
60.439	32746
60.449	32746
60.459	32746
60.474	32746
60.481	32746
60.489	32750
60.499	32748
60.509	32749
60.519	32751
60.529	32749
60.544	32747
60.553	32743
60.568	32743
60.581	32740
60.592	32743
60.609	32736
60.615	32735
60.619	32736
60.629	32743
60.639	32743
60.649	32743
60.659	32738
60.669	32741
60.679	32742
60.689	32743
60.699	32741
60.709	32741
60.719	32750
60.729	32742
60.739	32745
60.749	32742
60.759	32746
60.769	32747
60.779	32743
60.789	32745
60.799	32737
60.809	32735
60.819	32740
60.829	32738
60.839	32741
60.849	32743
60.859	32742
60.869	32737
60.879	32735
60.889	32741
60.899	32743
60.909	32744
60.919	32745
60.929	32747
60.939	32747
60.949	32748
60.959	32749
60.969	32750
60.979	32751
60.989	32744
60.999	32749
61.009	32747
61.019	32743
61.029	32747
61.039	32746
61.049	32744
61.059	32744
61.069	32742
61.079	32741
61.089	32747
61.099	32741
61.109	32744
61.119	32742
61.129	32746
61.139	32747
61.149	32750
61.159	32753
61.169	32756
61.179	32751
61.189	32753
61.199	32752
61.209	32753
61.219	32755
61.229	32756
61.239	32760
61.249	32760
61.259	32761
61.269	32759
61.279	32759
61.289	32759
61.299	32761
61.309	32755
61.319	32756
61.329	32755
61.339	32755
61.349	32755
61.359	32752
61.369	32750
61.379	32749
61.389	32747
61.399	32747
61.409	32747
61.419	32741
61.429	32745
61.439	32744
61.449	32739
61.459	32743
61.469	32741
61.479	32742
61.489	32741
61.499	32736
61.509	32737
61.519	32738
61.529	32741
61.539	32740
61.549	32737
61.559	32741
61.569	32745
61.579	32741
61.589	32735
61.599	32734
61.609	32717
61.619	32703
61.629	32693
61.639	32653
61.649	32618
61.659	32605
61.669	32614
61.679	32629
61.689	32638
61.699	32627
61.709	32635
61.719	32631
61.729	32622
61.739	32623
61.749	32641
61.759	32634
61.769	32635
61.779	32627
61.789	32617
61.799	32577
61.809	32545
61.819	32539
61.829	32542
61.839	32539
61.849	32552
61.859	32573
61.869	32583
61.879	32579
61.889	32574
61.899	32576
61.909	32577
61.919	32576
61.929	32563
61.939	32551
61.949	32542
61.959	32504
61.969	32502
61.979	32490
61.989	32487
61.999	32481
62.009	32473
62.019	32459
62.029	32454
62.039	32451
62.049	32448
62.059	32444
62.069	32446
62.079	32443
62.089	32436
62.099	32431
62.109	32420
62.119	32408
62.129	32385
62.139	32374
62.149	32357
62.159	32348
62.169	32354
62.179	32372
62.189	32364
62.199	32357
62.209	32351
62.219	32346
62.229	32341
62.239	32337
62.249	32328
62.259	32320
62.269	32312
62.279	32305
62.289	32296
62.299	32284
62.309	32273
62.319	32266
62.329	32259
62.339	32251
62.349	32245
62.359	32245
62.369	32246
62.379	32260
62.389	32272
62.399	32305
62.409	32328
62.419	32347
62.429	32365
62.439	32387
62.449	32402
62.459	32425
62.469	32451
62.479	32466
62.489	32479
62.499	32494
62.509	32495
62.519	32515
62.529	32532
62.539	32536
62.549	32531
62.559	32538
62.569	32550
62.579	32568
62.589	32575
62.599	32585
62.609	32616
62.619	32580
62.629	32550
62.639	32586
62.649	32651
62.659	32720
62.669	32742
62.679	32753
62.689	32755
62.699	32759
62.709	32761
62.719	32764
62.729	32766
62.739	32770
62.749	32771
62.759	32770
62.769	32770
62.779	32771
62.789	32771
62.799	32766
62.809	32763
62.819	32761
62.829	32762
62.839	32757
62.849	32753
62.859	32746
62.869	32737
62.879	32727
62.889	32726
62.899	32721
62.909	32711
62.919	32691
62.929	32677
62.939	32669
62.949	32636
62.959	32597
62.969	32580
62.979	32535
62.989	32514
62.999	32519
63.009	32534
63.019	32547
63.029	32559
63.039	32574
63.049	32572
63.059	32584
63.069	32586
63.079	32592
63.089	32686
63.099	32760
63.109	32722
63.119	32649
63.129	32659
63.139	32664
63.149	32664
63.159	32663
63.169	32669
63.179	32674
63.189	32673
63.199	32682
63.209	32693
63.219	32683
63.229	32686
63.239	32675
63.249	32663
63.259	32646
63.269	32618
63.279	32607
63.289	32574
63.299	32575
63.309	32615
63.319	32674
63.329	32687
63.339	32702
63.349	32722
63.359	32721
63.369	32732
63.379	32735
63.389	32735
63.399	32726
63.409	32659
63.419	32600
63.429	32598
63.439	32616
63.449	32639
63.459	32646
63.469	32640
63.479	32624
63.489	32610
63.499	32619
63.509	32636
63.519	32675
63.529	32699
63.539	32722
63.549	32732
63.559	32723
63.569	32657
63.603	32668
63.615	32702
63.627	32695
63.646	32686
63.663	32684
63.669	32682
63.679	32703
63.689	32733
63.712	32743
63.774	32680
63.786	32502
63.809	32478
63.817	32473
63.823	32470
63.829	32461
63.839	32499
63.875	32502
63.879	32505
63.889	32514
63.916	32513
63.956	32503
63.959	32499
63.969	32508
63.979	32509
63.989	32520
63.999	32510
64.009	32513
64.019	32498
64.029	32479
64.039	32460
64.049	32443
64.059	32419
64.069	32404
64.079	32402
64.089	32407
64.099	32413
64.109	32429
64.119	32437
64.129	32441
64.139	32440
64.149	32434
64.159	32426
64.169	32426
64.179	32426
64.189	32432
64.199	32439
64.209	32443
64.219	32443
64.229	32436
64.239	32430
64.249	32420
64.259	32414
64.269	32408
64.279	32394
64.289	32376
64.299	32376
64.309	32388
64.319	32410
64.329	32424
64.339	32433
64.349	32429
64.359	32414
64.369	32393
64.379	32377
64.389	32364
64.399	32356
64.409	32344
64.419	32339
64.429	32329
64.439	32318
64.449	32308
64.459	32301
64.469	32295
64.479	32292
64.489	32290
64.499	32294
64.509	32306
64.519	32311
64.529	32323
64.539	32334
64.549	32339
64.559	32347
64.569	32344
64.579	32340
64.589	32332
64.599	32339
64.609	32340
64.619	32354
64.629	32361
64.639	32378
64.649	32389
64.659	32398
64.669	32411
64.679	32416
64.689	32409
64.699	32413
64.709	32434
64.719	32440
64.729	32453
64.739	32469
64.749	32486
64.759	32526
64.769	32555
64.779	32580
64.789	32605
64.799	32661
64.809	32698
64.819	32703
64.829	32689
64.839	32693
64.849	32695
64.859	32699
64.869	32701
64.879	32707
64.889	32705
64.899	32715
64.909	32718
64.919	32725
64.929	32730
64.939	32732
64.949	32733
64.959	32739
64.969	32741
64.979	32746
64.989	32750
64.999	32749
65.010	32753
65.019	32755
65.030	32751
65.039	32756
65.050	32753
65.059	32756
65.069	32755
65.079	32756
65.089	32757
65.099	32756
65.109	32759
65.119	32760
65.129	32762
65.139	32758
65.149	32761
65.159	32759
65.169	32758
65.179	32757
65.189	32756
65.199	32754
65.209	32752
65.219	32753
65.229	32756
65.239	32757
65.249	32762
65.259	32759
65.269	32760
65.279	32756
65.289	32758
65.299	32756
65.309	32757
65.319	32757
65.329	32757
65.339	32756
65.349	32754
65.359	32757
65.369	32753
65.379	32751
65.389	32753
65.399	32757
65.409	32754
65.419	32752
65.429	32753
65.439	32746
65.449	32752
65.459	32748
65.469	32755
65.479	32759
65.489	32765
65.499	32763
65.509	32760
65.519	32761
65.529	32757
65.539	32739
65.549	32698
65.559	32697
65.569	32701
65.579	32710
65.589	32732
65.599	32743
65.609	32751
65.619	32756
65.629	32760
65.639	32763
65.649	32766
65.659	32768
65.669	32769
65.679	32772
65.689	32776
65.699	32777
65.709	32779
65.719	32779
65.729	32781
65.739	32781
65.749	32779
65.759	32782
65.769	32783
65.779	32787
65.789	32800
65.799	32815
65.809	32829
65.819	32838
65.829	32841
65.839	32848
65.849	32860
65.859	32858
65.869	32856
65.879	32852
65.889	32852
65.899	32860
65.909	32863
65.919	32863
65.929	32859
65.939	32854
65.949	32850
65.959	32844
65.969	32834
65.979	32819
65.989	32807
65.999	32795
66.009	32789
66.019	32783
66.029	32783
66.039	32778
66.049	32774
66.059	32774
66.069	32772
66.079	32770
66.089	32769
66.099	32768
66.109	32764
66.119	32759
66.129	32745
66.139	32725
66.149	32705
66.159	32677
66.169	32636
66.179	32598
66.189	32537
66.199	32500
66.209	32481
66.219	32470
66.229	32461
66.239	32468
66.249	32478
66.259	32503
66.269	32513
66.279	32494
66.289	32489
66.299	32490
66.309	32547
66.319	32627
66.329	32671
66.339	32712
66.349	32732
66.359	32726
66.369	32746
66.379	32752
66.389	32765
66.399	32769
66.409	32771
66.419	32773
66.429	32785
66.439	32799
66.449	32814
66.459	32828
66.469	32837
66.479	32854
66.489	32870
66.499	32890
66.509	32915
66.519	32929
66.529	32943
66.539	32948
66.549	32960
66.559	32972
66.569	32981
66.579	32988
66.589	32990
66.599	32999
66.609	33004
66.619	33004
66.629	33010
66.639	33020
66.649	33031
66.659	33041
66.669	33050
66.684	33056
66.689	33062
66.699	33071
66.709	33078
66.719	33088
66.729	33090
66.739	33087
66.749	33081
66.759	33072
66.769	33052
66.779	33035
66.789	33007
66.799	32965
66.809	32928
66.819	32891
66.829	32864
66.839	32835
66.849	32796
66.859	32777
66.869	32773
66.879	32770
66.889	32767
66.899	32764
66.909	32762
66.919	32759
66.929	32760
66.939	32763
66.949	32763
66.959	32764
66.969	32765
66.979	32765
66.989	32766
66.999	32767
67.009	32768
67.019	32766
67.029	32767
67.039	32767
67.049	32766
67.059	32764
67.069	32759
67.079	32758
67.089	32755
67.099	32755
67.109	32757
67.119	32760
67.129	32760
67.139	32763
67.149	32764
67.159	32762
67.169	32762
67.179	32761
67.189	32759
67.199	32759
67.209	32758
67.219	32761
67.229	32762
67.239	32755
67.249	32755
67.259	32752
67.269	32750
67.279	32747
67.289	32749
67.299	32745
67.309	32744
67.319	32742
67.329	32734
67.339	32727
67.349	32718
67.359	32716
67.369	32711
67.379	32704
67.389	32710
67.399	32703
67.409	32704
67.419	32698
67.429	32693
67.439	32701
67.449	32697
67.459	32703
67.469	32699
67.479	32704
67.489	32697
67.499	32676
67.509	32657
67.519	32635
67.529	32627
67.539	32607
67.549	32566
67.559	32520
67.569	32484
67.579	32461
67.589	32463
67.599	32455
67.609	32443
67.619	32439
67.629	32442
67.639	32525
67.649	32566
67.659	32601
67.669	32614
67.679	32575
67.689	32546
67.699	32551
67.709	32596
67.719	32634
67.729	32641
67.739	32660
67.749	32662
67.759	32649
67.769	32639
67.779	32638
67.789	32613
67.799	32615
67.809	32614
67.819	32630
67.829	32672
67.839	32601
67.849	32607
67.859	32626
67.869	32650
67.879	32655
67.889	32683
67.899	32688
67.909	32696
67.919	32698
67.929	32711
67.939	32704
67.949	32716
67.959	32721
67.969	32699
67.979	32699
67.989	32697
67.999	32722
68.009	32735
68.019	32750
68.029	32761
68.039	32765
68.049	32768
68.059	32770
68.069	32772
68.079	32774
68.089	32774
68.099	32773
68.109	32771
68.119	32769
68.129	32768
68.139	32767
68.149	32762
68.159	32761
68.169	32762
68.179	32757
68.189	32753
68.199	32751
68.209	32749
68.219	32744
68.229	32744
68.239	32751
68.249	32757
68.259	32761
68.269	32764
68.279	32767
68.289	32769
68.299	32770
68.309	32771
68.319	32770
68.329	32770
68.339	32771
68.349	32771
68.359	32772
68.369	32773
68.379	32772
68.389	32772
68.399	32771
68.409	32770
68.419	32771
68.429	32773
68.439	32775
68.449	32776
68.459	32776
68.469	32774
68.479	32773
68.489	32773
68.499	32774
68.509	32777
68.519	32778
68.529	32782
68.539	32783
68.549	32784
68.559	32784
68.569	32787
68.579	32788
68.589	32792
68.599	32794
68.609	32794
68.619	32795
68.629	32797
68.639	32800
68.649	32800
68.659	32796
68.669	32795
68.679	32794
68.689	32794
68.699	32793
68.709	32795
68.719	32800
68.729	32809
68.739	32816
68.749	32819
68.759	32821
68.769	32814
68.779	32815
68.789	32812
68.799	32815
68.809	32820
68.819	32826
68.829	32827
68.839	32825
68.849	32814
68.859	32807
68.869	32803
68.879	32804
68.889	32811
68.899	32821
68.909	32836
68.919	32842
68.929	32840
68.939	32830
68.949	32819
68.959	32811
68.969	32808
68.979	32806
68.989	32816
68.999	32833
69.009	32835
69.019	32835
69.029	32837
69.039	32844
69.049	32851
69.059	32854
69.069	32864
69.079	32872
69.089	32870
69.099	32858
69.109	32850
69.119	32844
69.129	32827
69.139	32818
69.149	32810
69.159	32804
69.169	32797
69.179	32795
69.189	32787
69.199	32783
69.209	32780
69.219	32776
69.229	32774
69.239	32773
69.249	32772
69.259	32773
69.269	32772
69.279	32772
69.289	32770
69.299	32768
69.309	32765
69.319	32766
69.329	32765
69.339	32766
69.349	32765
69.359	32764
69.369	32763
69.379	32764
69.389	32761
69.399	32761
69.409	32765
69.419	32767
69.429	32767
69.439	32766
69.449	32767
69.459	32767
69.469	32767
69.479	32767
69.489	32768
69.499	32769
69.509	32770
69.519	32769
69.529	32768
69.539	32768
69.549	32766
69.559	32765
69.569	32767
69.579	32767
69.590	32767
69.599	32767
69.609	32765
69.619	32764
69.629	32762
69.639	32757
69.649	32749
69.659	32745
69.669	32729
69.679	32706
69.689	32677
69.699	32680
69.709	32666
69.719	32664
69.729	32681
69.739	32690
69.749	32711
69.759	32735
69.769	32748
69.779	32748
69.789	32747
69.799	32747
69.809	32749
69.819	32745
69.829	32753
69.839	32745
69.849	32746
69.859	32750
69.869	32750
69.879	32745
69.889	32744
69.899	32746
69.909	32746
69.919	32748
69.929	32749
69.939	32749
69.949	32742
69.959	32743
69.969	32723
69.979	32658
69.989	32638
69.999	32675
70.009	32724
70.019	32733
70.029	32736
70.039	32741
70.049	32747
70.059	32749
70.069	32745
70.079	32746
70.089	32750
70.099	32748
70.109	32748
70.119	32745
70.129	32749
70.139	32750
70.149	32749
70.159	32750
70.169	32745
70.179	32746
70.189	32742
70.199	32738
70.209	32740
70.219	32747
70.229	32746
70.239	32744
70.249	32744
70.259	32744
70.269	32746
70.279	32744
70.289	32746
70.299	32751
70.309	32753
70.319	32757
70.329	32760
70.339	32765
70.349	32767
70.359	32770
70.369	32771
70.379	32773
70.389	32772
70.399	32774
70.409	32774
70.419	32776
70.429	32777
70.439	32777
70.449	32779
70.459	32782
70.469	32784
70.479	32787
70.489	32793
70.499	32800
70.509	32810
70.519	32820
70.529	32828
70.539	32837
70.549	32844
70.559	32846
70.569	32847
70.579	32842
70.589	32835
70.599	32829
70.609	32822
70.619	32816
70.629	32816
70.639	32814
70.649	32819
70.659	32821
70.669	32830
70.679	32841
70.689	32853
70.699	32867
70.709	32878
70.719	32886
70.729	32892
70.739	32899
70.749	32902
70.759	32905
70.769	32902
70.779	32897
70.789	32896
70.799	32896
70.809	32900
70.819	32910
70.829	32918
70.839	32928
70.849	32939
70.859	32941
70.869	32929
70.879	32908
70.889	32902
70.899	32904
70.909	32913
70.919	32929
70.929	32939
70.939	32951
70.949	32942
70.959	32929
70.969	32913
70.979	32909
70.989	32916
70.999	32922
71.009	32920
71.019	32908
71.029	32899
71.039	32891
71.049	32875
71.059	32841
71.069	32804
71.079	32784
71.089	32773
71.099	32768
71.109	32763
71.119	32758
71.129	32746
71.139	32738
71.149	32737
71.159	32734
71.169	32743
71.179	32745
71.189	32752
71.199	32754
71.209	32752
71.219	32751
71.229	32748
71.239	32753
71.249	32754
71.259	32752
71.269	32742
71.279	32749
71.289	32750
71.299	32744
71.309	32749
71.319	32745
71.329	32749
71.339	32751
71.349	32746
71.359	32746
71.369	32742
71.379	32742
71.389	32748
71.399	32749
71.409	32748
71.419	32750
71.429	32750
71.439	32750
71.449	32750
71.459	32750
71.469	32755
71.479	32755
71.489	32755
71.499	32752
71.509	32751
71.519	32755
71.529	32757
71.539	32759
71.549	32760
71.559	32762
71.569	32763
71.579	32759
71.589	32743
71.599	32748
71.609	32746
71.619	32749
71.629	32747
71.639	32754
71.649	32754
71.659	32751
71.669	32752
71.679	32754
71.689	32748
71.699	32745
71.709	32744
71.719	32739
71.729	32738
71.739	32734
71.749	32733
71.759	32735
71.769	32736
71.779	32738
71.789	32737
71.799	32743
71.809	32740
71.819	32737
71.829	32742
71.839	32741
71.849	32743
71.859	32738
71.869	32733
71.879	32729
71.889	32731
71.899	32736
71.909	32734
71.919	32736
71.929	32738
71.939	32740
71.949	32745
71.959	32746
71.969	32749
71.979	32750
71.989	32750
71.999	32750
72.009	32750
72.019	32746
72.029	32751
72.039	32749
72.049	32752
72.059	32746
72.069	32745
72.079	32745
72.089	32748
72.099	32745
72.109	32742
72.119	32747
72.129	32747
72.139	32747
72.149	32751
72.159	32748
72.169	32751
72.179	32751
72.189	32747
72.199	32748
72.209	32750
72.219	32749
72.229	32748
72.239	32752
72.249	32753
72.259	32749
72.269	32751
72.279	32748
72.289	32751
72.299	32751
72.309	32752
72.319	32748
72.329	32751
72.339	32747
72.349	32748
72.359	32743
72.369	32742
72.379	32743
72.389	32742
72.399	32739
72.409	32743
72.419	32744
72.429	32744
72.439	32741
72.449	32748
72.459	32744
72.469	32743
72.479	32741
72.489	32746
72.499	32749
72.509	32751
72.519	32750
72.529	32744
72.539	32747
72.549	32748
72.559	32745
72.569	32740
72.579	32750
72.589	32744
72.599	32751
72.609	32750
72.619	32748
72.629	32746
72.639	32747
72.649	32749
72.659	32746
72.669	32747
72.679	32744
72.689	32745
72.699	32739
72.709	32741
72.719	32734
72.729	32747
72.739	32739
72.749	32741
72.759	32742
72.769	32743
72.779	32737
72.789	32739
72.799	32745
72.809	32749
72.819	32752
72.829	32750
72.839	32746
72.849	32745
72.859	32748
72.869	32751
72.879	32751
72.890	32755
72.900	32746
72.909	32748
72.919	32739
72.930	32740
72.939	32740
72.950	32736
72.959	32733
72.969	32732
72.979	32725
72.989	32726
72.999	32717
73.009	32716
73.019	32716
73.029	32722
73.039	32719
73.049	32726
73.059	32731
73.069	32732
73.079	32731
73.089	32722
73.099	32714
73.109	32717
73.119	32735
73.129	32729
73.139	32740
73.149	32743
73.159	32744
73.170	32755
73.179	32761
73.189	32758
73.199	32762
73.209	32759
73.219	32755
73.229	32756
73.239	32757
73.249	32759
73.259	32757
73.269	32756
73.279	32756
73.289	32751
73.299	32747
73.309	32746
73.319	32735
73.329	32735
73.339	32733
73.349	32748
73.359	32744
73.369	32743
73.379	32740
73.389	32739
73.399	32744
73.409	32741
73.419	32747
73.430	32748
73.439	32747
73.449	32746
73.459	32747
73.469	32749
73.479	32741
73.489	32750
73.499	32749
73.509	32750
73.519	32751
73.529	32746
73.539	32751
73.549	32749
73.559	32739
73.569	32742
73.579	32741
73.589	32739
73.599	32738
73.609	32739
73.619	32736
73.629	32730
73.639	32734
73.649	32733
73.659	32730
73.669	32731
73.679	32730
73.689	32731
73.699	32727
73.709	32727
73.719	32731
73.729	32725
73.739	32718
73.749	32731
73.759	32737
73.769	32738
73.779	32736
73.789	32737
73.799	32734
73.809	32736
73.819	32737
73.829	32737
73.839	32733
73.849	32742
73.859	32732
73.869	32721
73.879	32722
73.889	32731
73.899	32724
73.909	32724
73.919	32722
73.929	32725
73.939	32721
73.949	32724
73.959	32719
73.969	32723
73.979	32725
73.989	32716
73.999	32714
74.009	32710
74.019	32712
74.029	32708
74.039	32706
74.049	32702
74.059	32698
74.069	32703
74.079	32702
74.089	32705
74.099	32708
74.109	32705
74.119	32706
74.129	32698
74.139	32690
74.149	32685
74.159	32678
74.169	32689
74.179	32687
74.189	32705
74.199	32701
74.209	32704
74.219	32719
74.229	32727
74.239	32731
74.249	32734
74.259	32737
74.269	32733
74.279	32731
74.289	32722
74.299	32726
74.309	32734
74.319	32731
74.329	32734
74.339	32735
74.349	32737
74.359	32739
74.369	32738
74.379	32721
74.389	32725
74.399	32721
74.409	32726
74.419	32705
74.429	32701
74.439	32681
74.449	32680
74.459	32667
74.469	32650
74.479	32653
74.489	32647
74.499	32650
74.509	32658
74.519	32668
74.529	32677
74.539	32676
74.549	32671
74.559	32680
74.569	32693
74.579	32686
74.589	32681
74.599	32687
74.609	32686
74.619	32689
74.629	32704
74.642	32706
74.649	32704
74.659	32712
74.669	32713
74.679	32710
74.689	32712
74.699	32719
74.709	32704
74.719	32718
74.729	32721
74.739	32709
74.749	32706
74.759	32710
74.769	32717
74.779	32707
74.789	32712
74.799	32707
74.809	32714
74.819	32704
74.829	32712
74.839	32721
74.849	32719
74.859	32726
74.869	32733
74.879	32725
74.889	32729
74.899	32726
74.909	32725
74.919	32721
74.929	32725
74.939	32719
74.949	32716
74.959	32719
74.969	32709
74.979	32704
74.989	32709
74.999	32709
75.009	32705
75.019	32700
75.029	32703
75.039	32693
75.049	32694
75.059	32695
75.069	32697
75.079	32677
75.089	32677
75.099	32672
75.109	32678
75.119	32671
75.129	32676
75.139	32670
75.149	32663
75.159	32668
75.169	32665
75.179	32668
75.189	32656
75.199	32657
75.209	32658
75.219	32657
75.229	32649
75.239	32655
75.249	32667
75.259	32668
75.269	32684
75.279	32683
75.289	32683
75.299	32681
75.309	32695
75.319	32689
75.329	32696
75.339	32705
75.349	32716
75.359	32719
75.369	32728
75.379	32735
75.389	32728
75.399	32730
75.409	32738
75.419	32743
75.429	32745
75.439	32744
75.449	32739
75.459	32742
75.469	32741
75.479	32741
75.489	32744
75.499	32738
75.509	32746
75.519	32744
75.529	32748
75.539	32747
75.549	32750
75.559	32750
75.569	32751
75.579	32750
75.589	32748
75.599	32749
75.609	32751
75.619	32748
75.629	32753
75.639	32750
75.649	32745
75.659	32746
75.669	32750
75.679	32749
75.689	32753
75.699	32746
75.709	32750
75.719	32748
75.729	32752
75.739	32753
75.749	32754
75.759	32753
75.769	32755
75.779	32757
75.789	32755
75.799	32756
75.809	32757
75.819	32760
75.829	32760
75.839	32762
75.849	32762
75.859	32761
75.869	32762
75.879	32762
75.890	32761
75.899	32760
75.909	32762
75.919	32760
75.929	32763
75.939	32763
75.949	32765
75.959	32764
75.969	32767
75.979	32767
75.989	32767
75.999	32768
76.009	32768
76.019	32768
76.029	32767
76.039	32766
76.049	32756
76.059	32758
76.069	32760
76.079	32762
76.089	32763
76.099	32764
76.109	32763
76.119	32763
76.129	32757
76.139	32751
76.149	32752
76.159	32742
76.169	32737
76.179	32733
76.189	32725
76.199	32728
76.209	32734
76.219	32738
76.229	32745
76.239	32748
76.249	32745
76.259	32742
76.269	32736
76.279	32737
76.289	32740
76.299	32749
76.309	32751
76.319	32757
76.329	32760
76.339	32763
76.349	32762
76.359	32762
76.369	32761
76.379	32763
76.389	32765
76.399	32765
76.409	32765
76.419	32765
76.429	32765
76.439	32765
76.449	32766
76.459	32765
76.469	32752
76.479	32762
76.489	32722
76.499	32640
76.509	32643
76.519	32695
76.529	32731
76.539	32746
76.549	32761
76.559	32766
76.569	32769
76.579	32770
76.589	32774
76.599	32777
76.609	32781
76.619	32784
76.629	32785
76.639	32787
76.649	32788
76.659	32792
76.669	32779
76.679	32778
76.689	32778
76.699	32778
76.709	32778
76.719	32776
76.729	32776
76.739	32775
76.749	32774
76.759	32773
76.769	32772
76.779	32772
76.789	32769
76.799	32768
76.809	32766
76.819	32764
76.829	32758
76.839	32753
76.849	32751
76.859	32746
76.869	32750
76.879	32743
76.889	32735
76.899	32742
76.909	32751
76.919	32752
76.929	32751
76.939	32759
76.949	32762
76.959	32761
76.969	32762
76.979	32763
76.989	32764
76.999	32766
77.009	32767
77.019	32767
77.029	32767
77.039	32767
77.049	32767
77.059	32766
77.069	32766
77.079	32766
77.089	32765
77.099	32766
77.109	32767
77.119	32767
77.129	32768
77.139	32767
77.149	32767
77.159	32768
77.169	32768
77.179	32768
77.189	32767
77.199	32768
77.209	32768
77.219	32768
77.229	32765
77.239	32767
77.249	32765
77.259	32766
77.269	32771
77.279	32769
77.289	32765
77.299	32765
77.309	32762
77.319	32763
77.329	32762
77.339	32759
77.349	32759
77.359	32757
77.369	32760
77.379	32759
77.389	32763
77.399	32765
77.409	32764
77.419	32765
77.429	32766
77.439	32766
77.449	32765
77.459	32766
77.469	32766
77.479	32766
77.489	32768
77.499	32769
77.509	32770
77.519	32770
77.529	32770
77.539	32771
77.549	32771
77.559	32772
77.569	32772
77.579	32772
77.589	32770
77.599	32768
77.609	32770
77.619	32769
77.629	32769
77.639	32769
77.649	32768
77.659	32769
77.670	32768
77.679	32769
77.689	32768
77.699	32769
77.709	32768
77.719	32768
77.729	32768
77.739	32768
77.749	32769
77.759	32768
77.769	32769
77.779	32769
77.789	32768
77.799	32769
77.809	32769
77.819	32768
77.829	32767
77.839	32768
77.849	32768
77.859	32767
77.869	32768
77.879	32768
77.889	32767
77.899	32768
77.909	32768
77.919	32768
77.929	32768
77.939	32768
77.949	32769
77.959	32769
77.969	32768
77.979	32768
77.989	32767
77.999	32767
78.009	32767
78.019	32766
78.029	32766
78.039	32765
78.049	32766
78.059	32767
78.069	32766
78.079	32766
78.089	32766
78.099	32766
78.109	32766
78.119	32766
78.129	32765
78.139	32764
78.149	32766
78.159	32767
78.169	32767
78.179	32767
78.189	32767
78.199	32767
78.209	32766
78.219	32765
78.229	32765
78.239	32765
78.249	32764
78.259	32765
78.269	32764
78.279	32763
78.289	32765
78.299	32765
78.309	32765
78.319	32766
78.329	32765
78.339	32765
78.349	32765
78.359	32766
78.369	32765
78.379	32765
78.389	32766
78.399	32764
78.409	32764
78.419	32762
78.429	32763
78.439	32761
78.449	32763
78.459	32763
78.469	32763
78.479	32763
78.489	32764
78.499	32763
78.509	32764
78.519	32764
78.529	32759
78.539	32761
78.549	32763
78.559	32762
78.569	32762
78.579	32762
78.589	32760
78.599	32759
78.609	32757
78.619	32746
78.629	32748
78.639	32747
78.649	32752
78.659	32751
78.669	32756
78.679	32754
78.689	32759
78.699	32761
78.709	32764
78.719	32766
78.729	32766
78.739	32767
78.749	32766
78.759	32766
78.769	32766
78.779	32759
78.789	32757
78.799	32760
78.809	32761
78.819	32761
78.829	32761
78.839	32757
78.849	32757
78.859	32755
78.869	32752
78.879	32753
78.889	32751
78.899	32762
78.909	32765
78.919	32766
78.929	32766
78.939	32767
78.949	32767
78.959	32767
78.969	32768
78.979	32769
78.989	32767
78.999	32768
79.009	32768
79.019	32768
79.029	32768
79.051	32768
79.064	32769
79.070	32769
79.079	32770
79.099	32771
79.120	32771
79.129	32770
79.139	32771
79.159	32771
79.169	32772
79.184	32771
79.189	32771
79.199	32771
79.209	32769
79.219	32769
79.229	32766
79.239	32766
79.249	32764
79.259	32764
79.269	32763
79.279	32765
79.289	32763
79.299	32763
79.309	32762
79.319	32763
79.329	32764
79.339	32764
79.349	32765
79.359	32766
79.369	32766
79.379	32766
79.389	32766
79.399	32767
79.409	32767
79.419	32766
79.429	32765
79.439	32763
79.449	32755
79.459	32744
79.469	32721
79.479	32720
79.489	32723
79.499	32736
79.509	32748
79.519	32752
79.529	32755
79.539	32755
79.549	32749
79.559	32757
79.569	32759
79.579	32760
79.589	32762
79.599	32764
79.609	32766
79.619	32766
79.629	32766
79.639	32765
79.649	32767
79.659	32767
79.669	32766
79.679	32767
79.689	32767
79.699	32766
79.709	32766
79.719	32766
79.729	32765
79.739	32767
79.749	32767
79.759	32768
79.769	32769
79.779	32770
79.789	32772
79.799	32773
79.809	32791
79.819	32799
79.829	32796
79.839	32787
79.849	32793
79.859	32783
79.869	32778
79.879	32774
79.889	32771
79.899	32770
79.909	32769
79.919	32766
79.929	32766
79.939	32767
79.949	32768
79.959	32770
79.969	32774
79.979	32780
79.989	32786
79.999	32796
80.009	32803
80.019	32810
80.029	32818
80.039	32831
80.049	32839
80.059	32846
80.069	32842
80.079	32838
80.089	32833
80.099	32824
80.109	32814
80.119	32807
80.129	32803
80.139	32799
80.149	32792
80.159	32791
80.169	32789
80.179	32787
80.189	32788
80.199	32785
80.209	32785
80.219	32784
80.229	32787
80.239	32788
80.249	32789
80.259	32789
80.269	32789
80.279	32788
80.289	32787
80.299	32788
80.309	32794
80.319	32797
80.329	32805
80.339	32814
80.349	32821
80.359	32831
80.369	32847
80.379	32856
80.389	32869
80.399	32874
80.409	32867
80.419	32866
80.429	32868
80.439	32872
80.449	32873
80.459	32885
80.469	32889
80.479	32892
80.489	32895
80.499	32896
80.509	32906
80.519	32902
80.529	32906
80.539	32911
80.549	32917
80.559	32923
80.569	32926
80.579	32931
80.589	32919
80.599	32909
80.609	32905
80.619	32908
80.629	32915
80.639	32921
80.649	32920
80.659	32918
80.669	32911
80.679	32909
80.689	32919
80.699	32928
80.709	32937
80.719	32945
80.729	32944
80.739	32938
80.749	32933
80.759	32924
80.769	32924
80.779	32920
80.789	32912
80.799	32915
80.809	32915
80.819	32911
80.829	32907
80.839	32896
80.849	32884
80.859	32870
80.869	32860
80.879	32856
80.889	32866
80.899	32868
80.909	32874
80.919	32874
80.929	32875
80.939	32876
80.949	32870
80.959	32873
80.969	32876
80.979	32870
80.989	32866
80.999	32868
81.009	32866
81.019	32866
81.029	32867
81.039	32865
81.049	32862
81.059	32857
81.069	32856
81.079	32856
81.089	32862
81.099	32869
81.109	32877
81.119	32880
81.130	32883
81.140	32878
81.149	32871
81.159	32866
81.169	32865
81.180	32863
81.189	32862
81.199	32865
81.209	32858
81.219	32855
81.229	32850
81.239	32841
81.249	32838
81.259	32833
81.269	32832
81.279	32830
81.289	32826
81.299	32820
81.309	32815
81.319	32808
81.329	32800
81.339	32794
81.349	32792
81.359	32789
81.369	32785
81.379	32782
81.389	32778
81.399	32774
81.409	32770
81.419	32768
81.429	32764
81.439	32760
81.449	32754
81.459	32740
81.469	32725
81.479	32724
81.489	32700
81.499	32712
81.509	32720
81.519	32728
81.529	32733
81.539	32739
81.549	32745
81.559	32748
81.569	32744
81.579	32741
81.589	32730
81.599	32743
81.609	32748
81.619	32746
81.629	32745
81.639	32743
81.649	32741
81.659	32746
81.669	32747
81.679	32749
81.689	32749
81.699	32747
81.709	32748
81.719	32744
81.730	32750
81.739	32751
81.749	32749
81.759	32751
81.769	32756
81.779	32744
81.789	32751
81.799	32751
81.809	32752
81.819	32749
81.829	32752
81.839	32752
81.849	32750
81.859	32750
81.869	32749
81.879	32747
81.889	32749
81.899	32748
81.909	32752
81.919	32761
81.929	32762
81.939	32759
81.949	32755
81.959	32755
81.969	32755
81.979	32754
81.989	32756
81.999	32754
82.009	32753
82.019	32751
82.029	32745
82.039	32751
82.049	32749
82.059	32741
82.069	32745
82.079	32743
82.089	32747
82.099	32743
82.109	32743
82.119	32743
82.129	32746
82.139	32751
82.149	32751
82.159	32751
82.169	32749
82.179	32752
82.189	32749
82.199	32750
82.209	32751
82.219	32752
82.229	32752
82.239	32753
82.251	32751
82.259	32747
82.269	32750
82.281	32743
82.289	32748
82.299	32747
82.309	32750
82.319	32750
82.329	32751
82.339	32751
82.349	32750
82.359	32749
82.369	32745
82.379	32748
82.389	32751
82.399	32749
82.409	32745
82.419	32751
82.429	32751
82.439	32751
82.449	32749
82.459	32746
82.469	32750
82.479	32751
82.489	32751
82.499	32750
82.509	32747
82.519	32751
82.529	32749
82.539	32744
82.549	32744
82.559	32736
82.569	32726
82.579	32729
82.589	32734
82.599	32731
82.609	32731
82.619	32726
82.629	32720
82.639	32717
82.649	32713
82.659	32706
82.669	32707
82.679	32714
82.689	32727
82.699	32719
82.709	32724
82.719	32715
82.729	32694
82.739	32693
82.749	32693
82.759	32712
82.769	32715
82.779	32716
82.789	32721
82.799	32717
82.809	32717
82.819	32719
82.829	32730
82.839	32725
82.849	32736
82.859	32751
82.869	32737
82.879	32766
82.889	32768
82.899	32768
82.909	32769
82.919	32770
82.929	32770
82.939	32771
82.949	32769
82.959	32770
82.969	32770
82.979	32770
82.989	32769
82.999	32767
83.009	32767
83.019	32768
83.029	32768
83.039	32771
83.049	32770
83.059	32772
83.069	32772
83.079	32776
83.089	32781
83.099	32781
83.109	32781
83.119	32784
83.129	32788
83.139	32788
83.149	32796
83.159	32810
83.169	32816
83.179	32823
83.189	32825
83.199	32829
83.209	32809
83.219	32808
83.229	32811
83.239	32821
83.249	32835
83.259	32855
83.269	32873
83.279	32883
83.289	32895
83.299	32900
83.309	32905
83.319	32895
83.329	32887
83.339	32884
83.349	32866
83.359	32843
83.369	32832
83.379	32862
83.389	32888
83.399	32886
83.409	32909
83.419	32922
83.429	32921
83.439	32919
83.449	32915
83.459	32903
83.469	32903
83.479	32909
83.489	32919
83.499	32926
83.509	32935
83.519	32933
83.529	32923
83.539	32911
83.549	32900
83.559	32887
83.569	32875
83.579	32867
83.589	32855
83.599	32838
83.609	32828
83.619	32821
83.629	32812
83.639	32808
83.649	32793
83.659	32782
83.669	32771
83.679	32768
83.689	32765
83.699	32743
83.709	32698
83.719	32630
83.729	32549
83.739	32860
83.749	32754
83.759	32722
83.769	32709
83.779	32703
83.789	32660
83.799	32619
83.809	32601
83.819	32600
83.829	32607
83.839	32600
83.849	32594
83.859	32584
83.869	32588
83.880	32580
83.889	32580
83.899	32576
83.909	32593
83.919	32585
83.929	32575
83.939	32583
83.949	32655
83.959	32693
83.969	32729
83.979	32741
83.989	32700
83.999	32691
84.009	32655
84.019	32640
84.029	32617
84.039	32603
84.049	32595
84.059	32576
84.069	32564
84.079	32545
84.089	32556
84.099	32551
84.109	32551
84.119	32555
84.129	32557
84.139	32546
84.149	32560
84.159	32552
84.169	32555
84.179	32555
84.189	32554
84.199	32551
84.209	32556
84.219	32553
84.229	32552
84.239	32556
84.249	32553
84.259	32558
84.269	32549
84.279	32554
84.289	32554
84.299	32548
84.309	32554
84.319	32551
84.329	32556
84.339	32560
84.349	32554
84.359	32553
84.369	32549
84.379	32555
84.389	32560
84.399	32565
84.409	32558
84.419	32556
84.429	32561
84.439	32554
84.449	32554
84.459	32552
84.469	32558
84.479	32561
84.489	32554
84.499	32560
84.509	32556
84.519	32545
84.529	32550
84.539	32556
84.549	32556
84.559	32556
84.569	32548
84.579	32556
84.589	32550
84.599	32553
84.609	32555
84.619	32550
84.629	32552
84.639	32552
84.649	32554
84.659	32553
84.669	32559
84.679	32556
84.689	32559
84.699	32552
84.709	32561
84.719	32549
84.729	32562
84.739	32555
84.749	32557
84.759	32552
84.769	32559
84.779	32553
84.789	32555
84.799	32562
84.809	32554
84.819	32546
84.829	32555
84.839	32545
84.849	32558
84.859	32558
84.869	32557
84.879	32559
84.889	32549
84.899	32563
84.909	32555
84.919	32553
84.929	32551
84.939	32550
84.949	32552
84.959	32555
84.969	32556
84.979	32555
84.989	32558
84.999	32553
85.009	32551
85.019	32550
85.029	32555
85.039	32558
85.049	32553
85.059	32556
85.069	32553
85.079	32561
85.089	32553
85.099	32559
85.109	32558
85.119	32555
85.129	32552
85.139	32554
85.149	32557
85.159	32555
85.169	32562
85.179	32560
85.189	32564
85.199	32554
85.209	32552
85.219	32554
85.229	32555
85.239	32557
85.249	32556
85.259	32559
85.269	32554
85.279	32559
85.289	32560
85.299	32559
85.309	32557
85.319	32561
85.329	32557
85.339	32555
85.349	32553
85.359	32554
85.369	32558
85.379	32550
85.389	32553
85.399	32556
85.409	32556
85.419	32552
85.429	32553
85.439	32547
85.449	32553
85.459	32547
85.469	32560
85.479	32548
85.489	32551
85.499	32554
85.509	32550
85.519	32558
85.529	32555
85.539	32554
85.549	32549
85.559	32556
85.569	32554
85.579	32552
85.589	32553
85.599	32547
85.609	32553
85.619	32549
85.629	32548
85.639	32556
85.649	32555
85.659	32555
85.669	32557
85.679	32549
85.689	32549
85.699	32553
85.709	32549
85.719	32557
85.729	32549
85.739	32551
85.749	32560
85.759	32551
85.769	32551
85.779	32560
85.789	32553
85.799	32551
85.809	32551
85.819	32549
85.829	32558
85.839	32560
85.849	32555
85.859	32553
85.869	32557
85.879	32553
85.889	32553
85.899	32552
85.909	32546
85.919	32543
85.929	32560
85.939	32545
85.949	32546
85.959	32553
85.969	32559
85.979	32557
85.989	32550
85.999	32545
86.009	32543
86.019	32537
86.029	32537
86.039	32539
86.049	32541
86.059	32541
86.069	32543
86.079	32546
86.089	32542
86.099	32540
86.109	32557
86.119	32561
86.129	32563
86.139	32561
86.149	32561
86.159	32559
86.169	32565
86.179	32553
86.189	32554
86.199	32555
86.209	32554
86.219	32557
86.229	32560
86.239	32550
86.249	32545
86.259	32542
86.269	32549
86.279	32546
86.289	32540
86.299	32557
86.309	32549
86.319	32554
86.329	32542
86.339	32540
86.349	32544
86.359	32541
86.369	32544
86.379	32560
86.389	32556
86.399	32558
86.409	32556
86.419	32564
86.429	32556
86.439	32552
86.449	32549
86.459	32547
86.469	32557
86.479	32556
86.489	32551
86.499	32563
86.509	32558
86.519	32561
86.529	32557
86.539	32560
86.549	32556
86.559	32549
86.569	32557
86.579	32547
86.589	32563
86.599	32556
86.609	32556
86.619	32558
86.629	32553
86.639	32564
86.649	32552
86.659	32554
86.669	32551
86.679	32547
86.689	32551
86.699	32548
86.709	32557
86.719	32552
86.729	32554
86.739	32545
86.749	32562
86.759	32553
86.769	32554
86.779	32558
86.789	32554
86.799	32549
86.809	32556
86.819	32545
86.829	32554
86.839	32553
86.849	32564
86.859	32550
86.869	32551
86.879	32558
86.889	32556
86.899	32557
86.909	32557
86.919	32545
86.929	32557
86.939	32554
86.949	32559
86.959	32547
86.969	32548
86.979	32558
86.989	32564
86.999	32552
87.009	32555
87.019	32554
87.029	32560
87.039	32557
87.049	32550
87.059	32543
87.069	32555
87.079	32557
87.089	32552
87.099	32545
87.109	32550
87.119	32549
87.129	32560
87.139	32569
87.149	32569
87.159	32575
87.169	32572
87.179	32578
87.189	32583
87.199	32566
87.209	32551
87.219	32554
87.229	32540
87.239	32537
87.249	32533
87.259	32540
87.269	32536
87.279	32537
87.289	32545
87.299	32552
87.309	32557
87.319	32542
87.329	32539
87.339	32552
87.349	32541
87.359	32545
87.369	32538
87.379	32545
87.389	32541
87.399	32540
87.409	32540
87.419	32532
87.429	32534
87.439	32528
87.449	32519
87.459	32518
87.469	32525
87.479	32541
87.489	32557
87.499	32565
87.509	32563
87.519	32558
87.529	32564
87.539	32558
87.557	32553
87.571	32555
87.579	32554
87.591	32551
87.602	32549
87.616	32558
87.633	32555
87.639	32552
87.649	32540
87.659	32517
87.669	32511
87.679	32503
87.689	32495
87.699	32490
87.709	32489
87.719	32489
87.729	32490
87.739	32485
87.749	32483
87.759	32483
87.769	32480
87.779	32483
87.789	32483
87.799	32486
87.809	32487
87.819	32493
87.829	32493
87.839	32492
87.849	32487
87.859	32485
87.869	32477
87.879	32474
87.889	32472
87.899	32465
87.909	32459
87.919	32457
87.929	32451
87.939	32452
87.949	32462
87.959	32467
87.969	32471
87.979	32476
87.989	32475
87.999	32484
88.009	32482
88.019	32482
88.029	32483
88.039	32470
88.049	32447
88.059	32430
88.069	32422
88.079	32425
88.089	32434
88.099	32443
88.109	32460
88.119	32475
88.129	32494
88.139	32499
88.149	32467
88.159	32427
88.169	32412
88.179	32416
88.189	32433
88.199	32440
88.209	32443
88.219	32444
88.229	32440
88.239	32435
88.249	32432
88.259	32424
88.269	32412
88.279	32399
88.289	32393
88.299	32374
88.309	32348
88.319	32327
88.329	32305
88.339	32279
88.349	32254
88.359	32231
88.369	32215
88.379	32196
88.389	32183
88.399	32177
88.409	32169
88.419	32146
88.429	32104
88.439	32067
88.449	32037
88.459	32014
88.469	31985
88.479	31963
88.489	31957
88.499	31952
88.509	31943
88.519	31916
88.529	31894
88.539	31879
88.549	31878
88.559	31871
88.569	31871
88.579	31878
88.589	31887
88.599	31901
88.609	31915
88.619	31932
88.629	31958
88.639	31989
88.649	32017
88.659	32048
88.669	32072
88.679	32081
88.689	32066
88.699	32038
88.709	32001
88.719	31959
88.729	31922
88.739	31897
88.749	31865
88.759	31832
88.769	31791
88.779	31763
88.789	31742
88.799	31721
88.809	31694
88.819	31656
88.829	31622
88.839	31602
88.849	31583
88.859	31573
88.869	31576
88.879	31596
88.889	31634
88.899	31657
88.909	31686
88.919	31721
88.929	31753
88.939	31781
88.949	31813
88.959	31839
88.969	31859
88.979	31882
88.989	31922
88.999	31935
89.009	31963
89.019	31993
89.029	32026
89.039	32057
89.049	32083
89.059	32094
89.069	32116
89.079	32121
89.089	32130
89.099	32124
89.112	32103
89.120	32086
89.129	32057
89.139	32040
89.151	32025
89.160	32006
89.169	32007
89.179	32008
89.189	32007
89.199	31995
89.210	31965
89.219	31936
89.229	31905
89.239	31880
89.250	31846
89.260	31811
89.269	31766
89.280	31719
89.290	31674
89.300	31624
89.309	31607
89.319	31586
89.329	31562
89.340	31526
89.350	31476
89.360	31424
89.369	31377
89.379	31335
89.389	31289
89.399	31248
89.409	31197
89.419	31169
89.429	31170
89.439	31167
89.449	31163
89.459	31159
89.469	31148
89.480	31134
89.489	31118
89.499	31089
89.509	31057
89.519	31045
89.529	31053
89.539	31081
89.549	31101
89.559	31110
89.569	31117
89.579	31113
89.589	31106
89.599	31093
89.609	31091
89.619	31090
89.629	31087
89.639	31077
89.649	31056
89.659	31032
89.669	31011
89.679	30986
89.689	30971
89.699	30959
89.709	30946
89.719	30936
89.729	30924
89.739	30916
89.749	30918
89.759	30922
89.769	30917
89.779	30904
89.789	30890
89.799	30875
89.809	30867
89.820	30866
89.829	30866
89.839	30862
89.849	30866
89.859	30869
89.869	30869
89.879	30863
89.889	30837
89.899	30817
89.909	30805
89.919	30801
89.929	30800
89.939	30798
89.949	30806
89.959	30809
89.969	30815
89.979	30820
89.989	30814
89.999	30811
90.009	30805
90.019	30796
90.029	30776
90.039	30759
90.049	30761
90.059	30764
90.069	30758
90.079	30757
90.089	30751
90.099	30740
90.109	30733
90.119	30725
90.129	30719
90.139	30680
90.149	30653
90.159	30635
90.169	30631
90.179	30646
90.189	30661
90.199	30671
90.209	30666
90.219	30660
90.229	30664
90.239	30672
90.249	30677
90.259	30680
90.269	30686
90.279	30693
90.289	30702
90.299	30677
90.309	30648
90.319	30626
90.329	30607
90.339	30593
90.349	30577
90.359	30561
90.369	30549
90.379	30545
90.389	30555
90.399	30580
90.409	30620
90.419	30650
90.429	30672
90.439	30686
90.449	30687
90.459	30695
90.469	30678
90.479	30663
90.489	30643
90.499	30626
90.509	30614
90.519	30617
90.529	30626
90.539	30629
90.549	30628
90.559	30626
90.569	30624
90.579	30619
90.589	30607
90.599	30594
90.609	30579
90.619	30565
90.629	30543
90.639	30528
90.649	30526
90.659	30540
90.669	30561
90.679	30577
90.689	30590
90.699	30601
90.709	30612
90.719	30628
90.729	30653
90.739	30675
90.749	30691
90.759	30714
90.769	30745
90.779	30783
90.789	30828
90.799	30903
90.809	30941
90.819	31000
90.829	31067
90.839	31126
90.849	31190
90.859	31253
90.869	31320
90.879	31388
90.889	31452
90.899	31520
90.909	31576
90.919	31631
90.929	31684
90.939	31728
90.949	31768
90.959	31810
90.969	31841
90.979	31870
90.989	31903
90.999	31928
91.009	31948
91.019	31960
91.029	31961
91.039	31955
91.049	31951
91.059	31939
91.069	31926
91.079	31911
91.089	31884
91.099	31842
91.109	31794
91.119	31751
91.129	31711
91.139	31659
91.149	31597
91.159	31534
91.169	31477
91.179	31423
91.190	31373
91.199	31311
91.209	31248
91.219	31175
91.229	31063
91.239	30940
91.249	30817
91.259	30689
91.269	30603
91.279	30539
91.289	30453
91.299	30355
91.309	30271
91.319	30201
91.330	30140
91.340	30081
91.349	30013
91.359	29954
91.369	29886
91.379	29815
91.389	29763
91.399	29726
91.409	29704
91.419	29665
91.429	29616
91.439	29585
91.449	29537
91.459	29509
91.469	29479
91.479	29458
91.489	29451
91.499	29439
91.509	29429
91.519	29427
91.529	29455
91.539	29521
91.549	29686
91.559	29841
91.569	30211
91.579	30227
91.589	30207
91.599	30275
91.609	30357
91.619	30400
91.629	30440
91.639	30515
91.649	30591
91.659	30628
91.669	30647
91.679	30657
91.689	30640
91.699	30619
91.709	30627
91.719	30658
91.729	30684
91.739	30701
91.749	30708
91.759	30703
91.769	30679
91.779	30651
91.789	30644
91.799	30663
91.809	30687
91.819	30719
91.829	30744
91.839	30781
91.849	30822
91.859	30894
91.869	30951
91.879	31041
91.889	31127
91.899	31179
91.909	31193
91.919	31179
91.929	31158
91.939	31135
91.949	31122
91.959	31117
91.969	31114
91.979	31099
91.989	31083
91.999	31074
92.009	31081
92.019	31099
92.029	31119
92.039	31136
92.049	31149
92.059	31149
92.069	31139
92.079	31136
92.089	31130
92.099	31120
92.109	31125
92.119	31138
92.129	31159
92.139	31180
92.149	31210
92.159	31230
92.169	31240
92.179	31243
92.189	31245
92.199	31249
92.209	31258
92.219	31273
92.229	31292
92.239	31303
92.249	31313
92.259	31316
92.269	31283
92.279	31252
92.289	31217
92.299	31187
92.309	31160
92.319	31137
92.329	31118
92.339	31086
92.349	31039
92.359	30976
92.369	30882
92.379	30834
92.389	30785
92.399	30728
92.409	30681
92.419	30642
92.429	30580
92.439	30504
92.449	30418
92.459	30314
92.469	30236
92.479	30152
92.489	30089
92.499	30018
92.509	29971
92.519	29906
92.529	29841
92.539	29797
92.549	29738
92.559	29648
92.569	29604
92.579	29538
92.589	29489
92.599	29427
92.609	29419
92.619	29436
92.629	29455
92.639	29450
92.649	29400
92.659	29330
92.669	29265
92.679	29201
92.689	29152
92.699	29101
92.709	29086
92.719	29106
92.729	29070
92.739	29003
92.749	28925
92.759	28874
92.769	28865
92.779	28839
92.790	28863
92.799	28895
92.809	28891
92.819	28859
92.829	28815
92.839	28786
92.849	28760
92.859	28735
92.869	28754
92.879	28773
92.889	28789
92.899	28770
92.909	28767
92.919	28792
92.929	28777
92.939	28750
92.949	28783
92.959	28826
92.969	28860
92.979	28874
92.989	28860
92.999	28832
93.009	28806
93.019	28784
93.029	28798
93.039	28840
93.049	28880
93.059	28891
93.069	28895
93.079	28868
93.089	28839
93.099	28847
93.109	28879
93.119	28931
93.129	28975
93.139	28988
93.149	28984
93.159	28950
93.169	28924
93.179	28940
93.189	28990
93.199	29021
93.209	29073
93.219	29079
93.229	29065
93.239	29056
93.249	29070
93.259	29101
93.269	29138
93.279	29170
93.289	29259
93.299	29316
93.309	29342
93.319	29356
93.329	29392
93.339	29433
93.349	29480
93.359	29514
93.369	29549
93.379	29600
93.389	29665
93.399	29735
93.409	29791
93.419	29858
93.429	29907
93.439	29945
93.449	30004
93.459	30084
93.469	30184
93.479	30294
93.489	30388
93.499	30518
93.509	30641
93.519	30772
93.529	30914
93.539	31044
93.549	31143
93.559	31224
93.569	31317
93.579	31428
93.589	31540
93.599	31670
93.609	31729
93.619	31811
93.629	31887
93.639	31958
93.649	32021
93.659	32083
93.669	32143
93.679	32191
93.689	32236
93.699	32276
93.709	32307
93.719	32329
93.729	32347
93.739	32368
93.749	32381
93.759	32395
93.769	32403
93.779	32420
93.789	32441
93.799	32461
93.809	32479
93.819	32513
93.829	32536
93.839	32559
93.849	32566
93.859	32560
93.869	32557
93.879	32550
93.889	32558
93.899	32556
93.909	32557
93.919	32559
93.929	32559
93.939	32555
93.949	32552
93.959	32560
93.969	32556
93.979	32557
93.989	32552
93.999	32557
94.009	32552
94.019	32560
94.029	32553
94.039	32562
94.049	32556
94.059	32555
94.069	32551
94.079	32552
94.089	32551
94.099	32549
94.109	32551
94.119	32541
94.129	32557
94.139	32555
94.149	32561
94.159	32555
94.169	32550
94.179	32552
94.189	32551
94.199	32550
94.209	32557
94.219	32552
94.229	32546
94.239	32553
94.249	32549
94.259	32547
94.269	32551
94.279	32548
94.289	32557
94.299	32550
94.309	32553
94.319	32561
94.329	32552
94.339	32552
94.349	32551
94.359	32559
94.369	32560
94.379	32552
94.389	32552
94.399	32556
94.409	32560
94.419	32577
94.429	32574
94.439	32559
94.449	32549
94.459	32552
94.469	32549
94.479	32557
94.489	32540
94.499	32554
94.509	32557
94.519	32555
94.529	32556
94.539	32569
94.549	32608
94.559	32613
94.569	32607
94.579	32596
94.589	32587
94.599	32581
94.609	32571
94.619	32565
94.629	32552
94.639	32548
94.649	32561
94.659	32559
94.669	32552
94.679	32560
94.689	32559
94.699	32557
94.709	32559
94.719	32551
94.729	32545
94.739	32549
94.749	32555
94.759	32551
94.769	32556
94.779	32552
94.789	32555
94.799	32559
94.809	32550
94.819	32552
94.829	32552
94.839	32548
94.849	32546
94.859	32546
94.869	32540
94.879	32543
94.889	32549
94.899	32544
94.909	32550
94.919	32556
94.929	32552
94.939	32553
94.949	32548
94.959	32550
94.969	32552
94.979	32554
94.989	32547
94.999	32546
95.009	32540
95.019	32513
95.029	32434
95.039	32387
95.049	32379
95.059	32390
95.069	32388
95.079	32383
95.089	32369
95.099	32348
95.109	32338
95.119	32318
95.129	32294
95.139	32273
95.149	32259
95.159	32228
95.169	32195
95.179	32160
95.189	32113
95.199	32064
95.209	32008
95.219	31969
95.229	31921
95.239	31861
95.249	31814
95.259	31767
95.269	31723
95.279	31700
95.289	31690
95.299	31686
95.309	31674
95.319	31659
95.329	31642
95.339	31612
95.349	31594
95.359	31578
95.369	31566
95.379	31553
95.389	31532
95.399	31470
95.411	31456
95.419	31426
95.429	31382
95.439	31327
95.449	31279
95.459	31239
95.469	31208
95.479	31172
95.489	31127
95.499	31072
95.509	31025
95.519	30981
95.529	30937
95.539	30895
95.549	30859
95.559	30830
95.569	30812
95.579	30795
95.589	30775
95.599	30744
95.609	30702
95.619	30668
95.629	30634
95.639	30613
95.649	30606
95.659	30602
95.669	30580
95.679	30548
95.689	30518
95.699	30495
95.709	30459
95.719	30436
95.729	30432
95.739	30427
95.749	30430
95.759	30433
95.769	30432
95.779	30423
95.789	30416
95.799	30321
95.809	30334
95.819	30372
95.829	30400
95.839	30410
95.849	30427
95.859	30428
95.869	30432
95.879	30451
95.889	30475
95.899	30516
95.909	30594
95.919	30767
95.929	30769
95.939	30759
95.949	30740
95.959	30735
95.969	30733
95.979	30758
95.989	30784
95.999	30786
96.009	30797
96.019	30825
96.029	30851
96.039	30850
96.049	30837
96.059	30836
96.069	30831
96.079	30815
96.089	30777
96.099	30753
96.109	30747
96.119	30747
96.129	30741
96.139	30739
96.150	30743
96.159	30727
96.169	30715
96.179	30689
96.189	30676
96.199	30668
96.209	30661
96.219	30652
96.229	30641
96.239	30634
96.249	30624
96.259	30610
96.269	30602
96.279	30603
96.289	30608
96.299	30614
96.309	30623
96.319	30630
96.329	30620
96.339	30599
96.349	30582
96.359	30570
96.369	30570
96.379	30568
96.389	30578
96.399	30586
96.409	30574
96.419	30556
96.429	30525
96.439	30490
96.449	30448
96.459	30419
96.469	30410
96.479	30411
96.489	30409
96.499	30394
96.509	30378
96.519	30346
96.529	30314
96.539	30280
96.549	30266
96.559	30255
96.569	30229
96.579	30212
96.589	30193
96.599	30174
96.609	30162
96.619	30162
96.629	30164
96.639	30156
96.649	30139
96.659	30113
96.669	30093
96.679	30078
96.689	30070
96.699	30074
96.709	30086
96.719	30094
96.729	30084
96.739	30079
96.749	30057
96.759	30043
96.769	30041
96.779	30044
96.789	30052
96.799	30067
96.809	30066
96.819	30052
96.829	30029
96.839	30015
96.849	30004
96.859	30010
96.869	30028
96.879	30048
96.889	30048
96.899	30019
96.909	29988
96.919	29948
96.929	29931
96.939	29936
96.949	29968
96.959	29990
96.969	30005
96.979	30001
96.989	29978
96.999	29959
97.009	29951
97.019	29937
97.029	29927
97.039	29947
97.049	29952
97.059	29959
97.069	29966
97.079	29955
97.089	29956
97.099	29966
97.109	29960
97.119	29973
97.129	29982
97.139	29961
97.149	29964
97.159	29989
97.169	30011
97.179	30037
97.189	30089
97.199	30149
97.209	30221
97.219	30263
97.229	30285
97.239	30299
97.249	30320
97.259	30355
97.269	30368
97.279	30403
97.289	30427
97.299	30421
97.309	30402
97.319	30352
97.329	30325
97.339	30321
97.349	30323
97.359	30336
97.369	30371
97.379	30404
97.389	30416
97.399	30413
97.409	30408
97.419	30418
97.429	30421
97.439	30426
97.449	30449
97.459	30467
97.469	30462
97.479	30454
97.489	30443
97.499	30442
97.509	30458
97.519	30482
97.529	30502
97.539	30524
97.549	30520
97.559	30493
97.569	30465
97.579	30453
97.589	30458
97.599	30485
97.609	30500
97.619	30499
97.629	30497
97.639	30495
97.649	30489
97.659	30489
97.669	30497
97.679	30505
97.689	30525
97.699	30546
97.709	30556
97.719	30554
97.729	30546
97.739	30536
97.749	30531
97.759	30535
97.769	30542
97.779	30558
97.789	30580
97.799	30582
97.809	30565
97.819	30536
97.829	30530
97.840	30517
97.851	30522
97.860	30542
97.869	30567
97.879	30587
97.890	30596
97.899	30587
97.909	30575
97.919	30560
97.929	30552
97.939	30551
97.949	30566
97.959	30572
97.969	30582
97.979	30582
97.989	30573
97.999	30564
98.009	30566
98.019	30566
98.029	30565
98.039	30577
98.049	30595
98.059	30600
98.069	30596
98.079	30575
98.089	30567
98.099	30577
98.109	30589
98.119	30592
98.129	30599
98.139	30607
98.149	30601
98.159	30590
98.169	30582
98.179	30582
98.189	30604
98.199	30629
98.209	30649
98.219	30657
98.229	30660
98.239	30653
98.249	30639
98.259	30618
98.269	30615
98.279	30630
98.289	30652
98.299	30668
98.309	30677
98.319	30676
98.329	30688
98.339	30694
98.349	30696
98.359	30701
98.369	30704
98.379	30717
98.389	30727
98.399	30741
98.409	30761
98.419	30787
98.429	30801
98.439	30801
98.449	30815
98.459	30829
98.469	30856
98.479	30874
98.489	30901
98.499	30922
98.509	30944
98.519	30965
98.529	30994
98.539	31021
98.549	31051
98.559	31085
98.569	31121
98.579	31152
98.589	31185
98.599	31221
98.609	31257
98.619	31292
98.629	31317
98.639	31355
98.649	31375
98.659	31401
98.669	31423
98.679	31437
98.689	31455
98.699	31491
98.712	31518
98.719	31554
98.729	31572
98.739	31592
98.749	31621
98.759	31631
98.769	31648
98.779	31669
98.789	31697
98.799	31730
98.809	31763
98.819	31802
98.829	31835
98.839	31864
98.849	31894
98.859	31920
98.869	31952
98.879	31980
98.889	32019
98.899	32035
98.909	32058
98.919	32075
98.929	32092
98.939	32102
98.949	32109
98.959	32117
98.969	32130
98.979	32137
98.989	32148
98.999	32157
99.009	32171
99.019	32186
99.029	32201
99.039	32216
99.049	32223
99.059	32228
99.069	32237
99.079	32238
99.089	32242
99.099	32251
99.109	32256
99.119	32267
99.129	32283
99.139	32290
99.149	32301
99.159	32306
99.169	32318
99.179	32327
99.189	32333
99.199	32340
99.209	32346
99.219	32348
99.229	32359
99.239	32363
99.249	32373
99.259	32386
99.269	32395
99.279	32408
99.289	32421
99.299	32424
99.309	32430
99.319	32437
99.329	32441
99.339	32441
99.349	32446
99.359	32452
99.369	32454
99.379	32465
99.389	32471
99.399	32474
99.409	32478
99.419	32482
99.429	32488
99.439	32491
99.449	32509
99.459	32513
99.469	32516
99.479	32516
99.489	32532
99.499	32535
99.509	32538
99.519	32542
99.529	32553
99.539	32550
99.549	32551
99.559	32555
99.569	32547
99.579	32558
99.589	32563
99.599	32557
99.609	32565
99.619	32520
99.629	32597
99.639	32587
99.649	32573
99.659	32554
99.669	32558
99.679	32563
99.689	32576
99.699	32572
99.709	32573
99.719	32567
99.729	32566
99.739	32564
99.749	32562
99.759	32570
99.769	32572
99.779	32570
99.789	32568
99.799	32561
99.809	32562
99.819	32557
99.829	32556
99.839	32564
99.849	32553
99.859	32558
99.869	32548
99.879	32547
99.889	32558
99.899	32689
99.909	32580
99.919	32554
99.929	32550
99.939	32552
99.949	32559
99.959	32566
99.969	32564
99.979	32581
99.989	32606
99.999	32612
100.009	32639
100.019	32647
100.029	32650
100.039	32636
100.049	32635
100.059	32628
100.069	32624
100.079	32611
100.089	32625
100.099	32614
100.109	32619
100.119	32613
100.129	32624
100.139	32634
100.149	32654
100.159	32656
100.169	32670
100.179	32695
100.189	32713
100.199	32722
100.209	32732
100.219	32740
100.229	32755
100.239	32756
100.249	32753
100.259	32749
100.269	32752
100.279	32751
100.289	32751
100.299	32745
100.309	32740
100.319	32720
100.329	32720
100.339	32715
100.349	32705
100.359	32701
100.369	32691
100.379	32693
100.389	32692
100.399	32669
100.409	32686
100.419	32686
100.429	32671
100.439	32667
100.449	32675
100.459	32646
100.469	32663
100.479	32657
100.489	32667
100.499	32658
100.509	32667
100.519	32650
100.529	32667
100.539	32649
100.549	32648
100.559	32636
100.569	32652
100.579	32637
100.589	32635
100.599	32633
100.609	32632
100.619	32704
100.629	32726
100.639	32737
100.649	32733
100.659	32710
100.669	32599
100.679	32674
100.689	32622
100.699	32702
100.709	32757
100.719	32761
100.729	32754
100.739	32758
100.749	32758
100.759	32751
100.769	32759
100.779	32730
100.789	32747
100.799	32746
100.809	32746
100.819	32744
100.829	32737
100.839	32745
100.849	32746
100.859	32755
100.869	32759
100.879	32761
100.889	32759
100.899	32759
100.909	32748
100.919	32731
100.929	32740
100.939	32753
100.949	32760
100.959	32762
100.969	32760
100.979	32762
100.989	32764
100.999	32764
101.009	32766
101.019	32755
101.029	32745
101.039	32748
101.049	32750
101.059	32758
101.069	32759
101.079	32762
101.089	32766
101.099	32769
101.109	32770
101.119	32772
101.129	32772
101.139	32770
101.149	32770
101.159	32769
101.169	32767
101.179	32768
101.189	32770
101.200	32770
101.209	32771
101.219	32771
101.229	32771
101.239	32770
101.249	32771
101.259	32772
101.269	32773
101.279	32770
101.289	32770
101.299	32769
101.309	32768
101.319	32767
101.329	32768
101.339	32768
101.349	32767
101.359	32767
101.369	32767
101.379	32600
101.389	32699
101.399	32736
101.409	32706
101.419	32762
101.429	32766
101.439	32765
101.449	32764
101.459	32764
101.469	32767
101.479	32768
101.489	32769
101.499	32769
101.509	32769
101.520	32769
101.529	32769
101.540	32767
101.550	32767
101.559	32766
101.569	32765
101.579	32765
101.589	32768
101.599	32769
101.609	32771
101.619	32770
101.629	32768
101.639	32768
101.649	32765
101.659	32765
101.669	32764
101.679	32764
101.689	32761
101.699	32760
101.709	32757
101.719	32748
101.729	32739
101.739	32736
101.749	32733
101.759	32739
101.769	32746
101.779	32748
101.789	32755
101.799	32753
101.809	32750
101.819	32730
101.829	32712
101.839	32685
101.849	32667
101.859	32673
101.869	32666
101.879	32667
101.889	32658
101.899	32668
101.909	32679
101.919	32685
101.929	32591
101.939	32623
101.949	32657
101.959	32653
101.969	32671
101.979	32692
101.989	32690
101.999	32680
102.009	32685
102.019	32678
102.029	32658
102.039	32657
102.049	32644
102.059	32659
102.069	32658
102.079	32679
102.089	32712
102.099	32733
102.109	32741
102.119	32724
102.129	32733
102.139	32725
102.149	32714
102.159	32719
102.169	32719
102.179	32734
102.189	32748
102.199	32759
102.209	32759
102.219	32759
102.229	32758
102.239	32755
102.249	32753
102.259	32742
102.269	32727
102.279	32732
102.289	32732
102.299	32726
102.309	32735
102.319	32735
102.329	32741
102.339	32747
102.349	32754
102.359	32755
102.369	32751
102.379	32750
102.389	32753
102.399	32743
102.409	32728
102.419	32662
102.429	32703
102.439	32750
102.449	32753
102.459	32745
102.469	32741
102.479	32750
102.489	32748
102.499	32743
102.509	32728
102.519	32720
102.529	32707
102.539	32708
102.549	32724
102.559	32728
102.569	32732
102.579	32738
102.589	32746
102.599	32748
102.609	32752
102.619	32754
102.629	32746
102.639	32754
102.649	32757
102.659	32758
102.669	32758
102.679	32753
102.689	32746
102.699	32735
102.709	32733
102.719	32719
102.729	32711
102.739	32705
102.749	32704
102.759	32709
102.769	32704
102.779	32697
102.789	32697
102.799	32690
102.809	32702
102.819	32695
102.829	32693
102.839	32693
102.849	32695
102.859	32696
102.869	32689
102.879	32698
102.889	32698
102.899	32688
102.909	32688
102.919	32686
102.929	32679
102.939	32678
102.949	32675
102.959	32662
102.969	32640
102.979	32630
102.989	32636
102.999	32631
103.009	32625
103.019	32617
103.029	32619
103.039	32614
103.049	32625
103.059	32650
103.069	32649
103.079	32651
103.089	32681
103.099	32685
103.109	32692
103.119	32706
103.129	32703
103.139	32704
103.149	32698
103.159	32680
103.169	32673
103.179	32662
103.189	32649
103.199	32654
103.209	32638
103.219	32633
103.229	32612
103.239	32609
103.249	32601
103.259	32578
103.269	32576
103.279	32575
103.289	32568
103.299	32575
103.309	32576
103.319	32572
103.329	32570
103.339	32567
103.349	32577
103.359	32590
103.369	32611
103.379	32615
103.389	32622
103.399	32615
103.409	32611
103.419	32610
103.429	32605
103.439	32595
103.449	32601
103.459	32593
103.469	32615
103.479	32610
103.489	32629
103.499	32622
103.509	32641
103.519	32619
103.529	32596
103.539	32601
103.549	32627
103.559	32613
103.569	32630
103.579	32630
103.589	32642
103.599	32648
103.609	32640
103.619	32633
103.629	32611
103.639	32605
103.649	32594
103.659	32596
103.669	32601
103.679	32604
103.689	32604
103.699	32612
103.709	32627
103.719	32682
103.729	32723
103.739	32739
103.749	32748
103.759	32747
103.769	32746
103.779	32746
103.789	32747
103.799	32746
103.809	32745
103.819	32748
103.829	32743
103.839	32747
103.849	32751
103.859	32747
103.869	32746
103.879	32748
103.889	32751
103.899	32759
103.909	32761
103.919	32761
103.929	32762
103.939	32763
103.949	32764
103.959	32766
103.969	32766
103.979	32765
103.989	32766
103.999	32766
104.009	32767
104.019	32765
104.029	32764
104.039	32763
104.049	32762
104.059	32762
104.069	32763
104.079	32762
104.089	32761
104.099	32762
104.109	32761
104.119	32762
104.129	32762
104.139	32760
104.149	32759
104.159	32759
104.169	32754
104.179	32753
104.189	32751
104.199	32747
104.209	32746
104.219	32746
104.229	32746
104.239	32749
104.249	32749
104.259	32747
104.269	32749
104.279	32746
104.289	32740
104.299	32748
104.309	32749
104.319	32750
104.329	32750
104.339	32747
104.349	32741
104.359	32735
104.369	32730
104.379	32732
104.389	32730
104.399	32720
104.409	32709
104.419	32681
104.429	32644
104.439	32618
104.449	32584
104.459	32571
104.469	32559
104.479	32557
104.489	32548
104.499	32541
104.509	32525
104.519	32509
104.529	32491
104.539	32483
104.549	32477
104.559	32473
104.569	32473
104.579	32465
104.589	32464
104.599	32460
104.609	32460
104.619	32456
104.629	32456
104.639	32451
104.649	32444
104.659	32434
104.669	32433
104.679	32424
104.689	32415
104.699	32401
104.709	32396
104.719	32386
104.729	32380
104.739	32373
104.749	32360
104.759	32349
104.769	32347
104.779	32345
104.789	32337
104.799	32329
104.809	32318
104.819	32311
104.829	32302
104.839	32304
104.849	32300
104.859	32302
104.869	32308
104.879	32304
104.889	32293
104.899	32276
104.909	32272
104.919	32272
104.929	32276
104.939	32284
104.949	32290
104.959	32288
104.969	32280
104.979	32265
104.989	32259
104.999	32253
105.009	32254
105.019	32260
105.029	32269
105.039	32266
105.049	32264
105.059	32256
105.069	32249
105.079	32244
105.089	32235
105.099	32229
105.109	32227
105.119	32224
105.129	32223
105.139	32221
105.149	32217
105.159	32214
105.169	32209
105.179	32212
105.189	32202
105.199	32201
105.209	32204
105.219	32201
105.229	32203
105.239	32198
105.249	32193
105.259	32193
105.269	32190
105.279	32184
105.289	32191
105.299	32197
105.309	32202
105.319	32201
105.329	32199
105.339	32192
105.349	32194
105.359	32202
105.369	32202
105.379	32204
105.389	32207
105.399	32212
105.409	32214
105.419	32212
105.429	32213
105.439	32210
105.449	32215
105.459	32211
105.469	32211
105.479	32210
105.489	32211
105.499	32220
105.509	32237
105.519	32251
105.529	32259
105.539	32257
105.549	32263
105.559	32267
105.569	32278
105.579	32288
105.589	32301
105.599	32313
105.609	32341
105.619	32371
105.629	32398
105.639	32419
105.649	32442
105.659	32468
105.669	32499
105.679	32536
105.689	32609
105.699	32642
105.709	32618
105.719	32654
105.729	32688
105.739	32713
105.749	32733
105.759	32745
105.769	32753
105.779	32755
105.789	32757
105.799	32756
105.809	32756
105.819	32754
105.829	32754
105.839	32753
105.849	32749
105.859	32750
105.869	32753
105.879	32749
105.889	32748
105.899	32750
105.909	32750
105.919	32750
105.929	32747
105.939	32749
105.949	32749
105.959	32748
105.969	32751
105.979	32748
105.989	32749
105.999	32748
106.009	32749
106.019	32744
106.029	32741
106.039	32739
106.049	32736
106.059	32735
106.069	32745
106.079	32751
106.089	32747
106.099	32746
106.109	32744
106.119	32737
106.129	32743
106.139	32737
106.149	32730
106.159	32717
106.169	32714
106.179	32712
106.189	32708
106.199	32726
106.209	32713
106.219	32715
106.229	32721
106.239	32731
106.249	32735
106.259	32747
106.269	32749
106.279	32748
106.289	32746
106.299	32746
106.309	32743
106.319	32742
106.329	32742
106.339	32742
106.349	32746
106.359	32748
106.369	32744
106.379	32746
106.389	32747
106.399	32748
106.409	32744
106.419	32745
106.429	32746
106.439	32740
106.449	32744
106.459	32743
106.469	32738
106.479	32738
106.489	32739
106.499	32734
106.509	32731
106.519	32734
106.529	32735
106.539	32732
106.549	32724
106.559	32731
106.569	32724
106.579	32736
106.589	32742
106.599	32734
106.609	32739
106.619	32731
106.629	32743
106.639	32742
106.649	32745
106.659	32746
106.669	32747
106.679	32744
106.689	32743
106.699	32740
106.709	32747
106.719	32743
106.729	32746
106.739	32741
106.749	32736
106.759	32722
106.769	32706
106.779	32677
106.789	32624
106.799	32600
106.809	32575
106.819	32558
106.829	32530
106.839	32508
106.849	32504
106.859	32508
106.869	32521
106.879	32538
106.889	32547
106.899	32566
106.909	32575
106.919	32589
106.930	32598
106.939	32613
106.949	32630
106.959	32644
106.969	32654
106.979	32650
106.989	32633
106.999	32640
107.009	32649
107.019	32642
107.029	32646
107.039	32649
107.049	32652
107.059	32641
107.069	32628
107.079	32623
107.089	32626
107.099	32624
107.109	32622
107.119	32614
107.129	32632
107.139	32645
107.149	32635
107.159	32624
107.169	32632
107.179	32647
107.189	32661
107.199	32670
107.209	32678
107.219	32699
107.229	32701
107.239	32707
107.249	32697
107.259	32690
107.269	32696
107.279	32682
107.289	32677
107.299	32683
107.309	32671
107.319	32672
107.329	32673
107.339	32663
107.349	32664
107.359	32674
107.369	32683
107.379	32694
107.389	32719
107.399	32733
107.409	32744
107.419	32741
107.429	32747
107.439	32751
107.449	32747
107.459	32742
107.469	32746
107.479	32746
107.489	32739
107.499	32720
107.509	32722
107.519	32715
107.529	32709
107.539	32695
107.549	32691
107.559	32687
107.569	32700
107.579	32697
107.589	32686
107.599	32695
107.609	32706
107.619	32713
107.629	32718
107.639	32727
107.649	32730
107.659	32738
107.669	32733
107.679	32730
107.689	32717
107.699	32715
107.709	32708
107.719	32715
107.735	32712
107.749	32697
107.755	32689
107.759	32678
107.769	32656
107.779	32637
107.789	32633
107.799	32628
107.809	32647
107.819	32654
107.829	32674
107.839	32686
107.849	32704
107.859	32709
107.869	32725
107.879	32738
107.889	32742
107.899	32746
107.909	32747
107.919	32743
107.929	32745
107.939	32739
107.949	32741
107.959	32741
107.969	32744
107.979	32738
107.989	32737
107.999	32733
108.009	32727
108.019	32703
108.029	32729
108.039	32739
108.049	32755
108.059	32696
108.069	32597
108.079	32557
108.089	32550
108.099	32526
108.109	32523
108.119	32512
108.129	32520
108.139	32513
108.149	32516
108.159	32519
108.169	32556
108.179	32588
108.189	32649
108.199	32677
108.209	32702
108.219	32719
108.229	32732
108.239	32742
108.249	32738
108.259	32732
108.269	32704
108.280	32686
108.290	32673
108.300	32687
108.310	32691
108.320	32710
108.330	32711
108.339	32707
108.349	32703
108.360	32689
108.369	32682
108.379	32681
108.389	32667
108.399	32675
108.409	32683
108.419	32681
108.429	32689
108.439	32690
108.449	32682
108.459	32675
108.469	32679
108.479	32680
108.489	32700
108.499	32730
108.509	32741
108.519	32750
108.529	32757
108.539	32757
108.549	32740
108.559	32733
108.569	32732
108.579	32724
108.589	32716
108.599	32696
108.609	32668
108.619	32618
108.629	32604
108.639	32582
108.649	32589
108.659	32633
108.669	32700
108.679	32718
108.689	32741
108.699	32755
108.709	32761
108.719	32762
108.729	32766
108.739	32766
108.749	32767
108.759	32768
108.769	32768
108.779	32768
108.789	32768
108.799	32772
108.845	32769
108.854	32765
108.898	32766
108.901	32767
108.909	32768
108.919	32765
109.005	32767
109.055	32767
109.062	32761
109.108	32764
109.112	32763
109.119	32766
109.129	32768
109.139	32768
109.182	32768
109.189	32768
109.199	32769
109.209	32770
109.219	32770
109.229	32773
109.239	32773
109.249	32775
109.259	32776
109.269	32777
109.279	32778
109.289	32775
109.299	32776
109.309	32774
109.319	32772
109.329	32769
109.339	32766
109.349	32765
109.361	32765
109.369	32764
109.379	32758
109.389	32754
109.399	32760
109.409	32758
109.419	32758
109.429	32758
109.439	32758
109.449	32758
109.459	32754
109.469	32747
109.479	32527
109.489	32466
109.499	32424
109.509	32436
109.519	32461
109.529	32487
109.539	32522
109.549	32600
109.559	32697
109.569	32744
109.579	32761
109.589	32765
109.599	32767
109.609	32769
109.619	32768
109.629	32766
109.639	32763
109.649	32754
109.659	32743
109.669	32740
109.679	32733
109.689	32737
109.699	32744
109.709	32749
109.719	32756
109.729	32757
109.739	32760
109.749	32759
109.759	32761
109.769	32762
109.779	32761
109.789	32762
109.800	32761
109.809	32761
109.819	32752
109.829	32755
109.839	32763
109.849	32768
109.859	32770
109.869	32772
109.879	32777
109.889	32781
109.899	32795
109.909	32811
109.919	32828
109.929	32839
109.939	32844
109.949	32854
109.959	32869
109.969	32872
109.979	32877
109.989	32876
109.999	32872
110.009	32873
110.019	32878
110.029	32882
110.039	32892
110.049	32902
110.059	32897
110.069	32891
110.079	32881
110.089	32869
110.099	32858
110.109	32861
110.119	32872
110.129	32879
110.139	32885
110.149	32888
110.159	32874
110.169	32853
110.179	32822
110.189	32795
110.199	32789
110.209	32786
110.219	32784
110.229	32785
110.239	32786
110.249	32790
110.259	32811
110.269	32841
110.279	32865
110.289	32885
110.299	32891
110.309	32901
110.319	32899
110.329	32889
110.339	32879
110.349	32867
110.359	32859
110.369	32857
110.379	32851
110.389	32845
110.399	32831
110.409	32817
110.419	32808
110.429	32803
110.439	32801
110.449	32801
110.459	32797
110.469	32789
110.479	32785
110.489	32778
110.499	32772
110.509	32770
110.519	32768
110.529	32767
110.539	32766
110.549	32763
110.559	32760
110.569	32754
110.579	32743
110.589	32725
110.599	32711
110.609	32701
110.619	32688
110.629	32674
110.639	32678
110.649	32700
110.659	32723
110.669	32751
110.679	32758
110.689	32762
110.699	32766
110.709	32766
110.719	32765
110.729	32763
110.740	32763
110.749	32763
110.759	32760
110.769	32763
110.779	32764
110.789	32765
110.799	32763
110.809	32763
110.819	32761
110.829	32762
110.839	32764
110.849	32759
110.859	32744
110.869	32739
110.879	32725
110.889	32710
110.899	32708
110.909	32697
110.919	32687
110.929	32696
110.939	32705
110.949	32714
110.959	32729
110.969	32733
110.979	32743
110.989	32741
110.999	32742
111.009	32746
111.019	32746
111.029	32750
111.039	32748
111.049	32749
111.059	32752
111.069	32756
111.079	32758
111.089	32758
111.099	32760
111.109	32760
111.119	32762
111.129	32761
111.139	32760
111.149	32758
111.159	32758
111.169	32761
111.179	32755
111.189	32756
111.199	32754
111.209	32751
111.219	32751
111.229	32750
111.239	32756
111.249	32754
111.259	32759
111.270	32758
111.279	32755
111.289	32754
111.300	32754
111.309	32755
111.319	32753
111.329	32751
111.339	32754
111.349	32753
111.359	32754
111.369	32752
111.379	32757
111.389	32759
111.399	32757
111.409	32761
111.419	32761
111.429	32763
111.439	32762
111.449	32763
111.459	32765
111.469	32766
111.479	32764
111.489	32767
111.499	32766
111.509	32766
111.519	32768
111.529	32767
111.539	32769
111.549	32769
111.559	32768
111.569	32769
111.579	32769
111.589	32768
111.599	32768
111.609	32765
111.619	32766
111.629	32766
111.639	32766
111.649	32766
111.659	32767
111.669	32767
111.679	32766
111.689	32767
111.699	32766
111.709	32766
111.719	32761
111.729	32763
111.739	32762
111.749	32763
111.759	32762
111.769	32761
111.779	32760
111.789	32761
111.799	32760
111.809	32760
111.819	32760
111.829	32759
111.839	32754
111.849	32752
111.859	32754
111.869	32757
111.879	32756
111.889	32758
111.899	32757
111.909	32757
111.919	32755
111.929	32757
111.939	32756
111.949	32755
111.959	32755
111.969	32756
111.979	32755
111.989	32756
111.999	32758
112.009	32757
112.019	32760
112.029	32764
112.039	32763
112.049	32764
112.059	32766
112.069	32766
112.079	32766
112.089	32766
112.099	32766
112.109	32766
112.119	32766
112.129	32764
112.139	32764
112.149	32763
112.159	32763
112.169	32763
112.179	32761
112.189	32761
112.199	32757
112.209	32756
112.219	32755
112.229	32751
112.239	32741
112.249	32732
112.259	32728
112.269	32722
112.279	32710
112.289	32688
112.299	32653
112.309	32637
112.319	32627
112.329	32625
112.339	32644
112.349	32653
112.359	32661
112.369	32678
112.379	32694
112.389	32721
112.399	32740
112.409	32750
112.419	32759
112.429	32763
112.439	32765
112.449	32765
112.459	32766
112.469	32766
112.479	32765
112.489	32763
112.499	32762
112.509	32760
112.519	32758
112.529	32758
112.539	32759
112.549	32752
112.559	32743
112.569	32743
112.579	32733
112.589	32735
112.599	32734
112.609	32734
112.619	32739
112.629	32730
112.639	32739
112.649	32745
112.659	32747
112.669	32745
112.679	32740
112.689	32745
112.699	32752
112.709	32755
112.719	32756
112.729	32753
112.739	32743
112.749	32762
112.759	32765
112.769	32769
112.779	32771
112.789	32773
112.799	32778
112.809	32797
112.819	32846
112.829	32898
112.839	32918
112.849	32945
112.859	32970
112.869	33009
112.879	33067
112.889	33134
112.899	33230
112.909	33317
112.919	33418
112.929	33538
112.939	33659
112.949	33790
112.959	33941
112.969	34076
112.979	34251
112.989	34418
112.999	34577
113.009	34739
113.019	34867
113.029	34962
113.039	35014
113.049	35049
113.059	35096
113.069	35152
113.079	35213
113.089	35268
113.099	35304
113.109	35289
113.119	35234
113.129	35180
113.139	35153
113.149	35151
113.159	35143
113.169	35119
113.179	35053
113.189	34987
113.199	34953
113.209	34941
113.219	34944
113.229	34974
113.239	35001
113.249	35015
113.259	34987
113.269	34953
113.279	34905
113.289	34881
113.299	34895
113.309	34910
113.319	34906
113.329	34874
113.339	34791
113.349	34702
113.359	34561
113.369	34411
113.379	34213
113.389	34047
113.399	33861
113.409	33681
113.419	33510
113.429	33374
113.439	33251
113.449	33134
113.459	33040
113.469	32944
113.479	32889
113.489	32833
113.499	32796
113.509	32781
113.519	32773
113.529	32770
113.539	32768
113.549	32766
113.559	32763
113.569	32760
113.579	32757
113.589	32756
113.599	32752
113.609	32750
113.619	32747
113.629	32749
113.639	32752
113.649	32753
113.659	32747
113.669	32744
113.679	32743
113.689	32748
113.699	32751
113.709	32753
113.719	32752
113.729	32752
113.739	32755
113.749	32758
113.759	32757
113.769	32758
113.779	32759
113.789	32759
113.799	32757
113.809	32758
113.820	32760
113.830	32761
113.839	32763
113.849	32762
113.859	32763
113.869	32763
113.879	32763
113.889	32764
113.899	32766
113.909	32766
113.919	32767
113.929	32767
113.939	32769
113.949	32771
113.959	32777
113.969	32784
113.979	32813
113.989	32872
113.999	32937
114.009	33008
114.019	33060
114.029	33115
114.039	33178
114.049	33250
114.059	33319
114.069	33407
114.079	33533
114.089	33615
114.099	33730
114.109	33840
114.119	33940
114.129	34030
114.139	34130
114.149	34252
114.159	34291
114.169	34337
114.179	34358
114.189	34372
114.199	34394
114.209	34430
114.219	34466
114.229	34512
114.239	34541
114.249	34562
114.259	34574
114.269	34585
114.279	34584
114.289	34561
114.299	34530
114.309	34515
114.319	34536
114.329	34579
114.339	34608
114.349	34608
114.359	34584
114.369	34548
114.379	34531
114.389	34521
114.399	34526
114.409	34544
114.419	34556
114.429	34566
114.439	34562
114.449	34544
114.459	34507
114.469	34440
114.479	34331
114.489	34185
114.499	34083
114.509	33941
114.519	33793
114.529	33637
114.539	33485
114.549	33339
114.559	33208
114.569	33111
114.579	33021
114.589	32950
114.599	32887
114.609	32840
114.619	32797
114.629	32777
114.639	32771
114.649	32770
114.659	32768
114.669	32766
114.679	32766
114.689	32764
114.699	32759
114.709	32758
114.719	32755
114.729	32755
114.739	32742
114.749	32740
114.759	32747
114.769	32741
114.779	32737
114.789	32736
114.799	32725
114.809	32726
114.819	32731
114.829	32730
114.839	32738
114.849	32736
114.859	32735
114.869	32741
114.879	32732
114.889	32738
114.899	32740
114.909	32739
114.919	32738
114.929	32739
114.939	32737
114.949	32734
114.959	32717
114.969	32707
114.979	32687
114.989	32664
114.999	32629
115.009	32618
115.019	32607
115.029	32568
115.039	32540
115.049	32527
115.059	32504
115.069	32486
115.079	32476
115.089	32474
115.099	32461
115.109	32449
115.119	32437
115.129	32425
115.139	32418
115.149	32420
115.159	32429
115.169	32444
115.179	32456
115.189	32469
115.199	32470
115.209	32476
115.219	32485
115.229	32503
115.239	32526
115.249	32533
115.263	32540
115.269	32521
115.279	32486
115.289	32465
115.299	32467
115.309	32485
115.319	32491
115.329	32495
115.339	32541
115.349	32614
115.359	32700
115.369	32730
115.379	32730
115.389	32728
115.399	32691
115.409	32550
115.419	32486
115.429	32452
115.439	32443
115.449	32460
115.459	32491
115.469	32529
115.479	32558
115.489	32543
115.499	32515
115.509	32505
115.519	32492
115.529	32498
115.539	32507
115.549	32528
115.559	32573
115.569	32619
115.579	32689
115.589	32719
115.599	32733
115.609	32745
115.619	32731
115.629	32715
115.639	32691
115.649	32665
115.659	32638
115.669	32644
115.679	32684
115.689	32703
115.699	32722
115.709	32742
115.719	32752
115.729	32760
115.739	32763
115.749	32764
115.759	32765
115.769	32764
115.779	32764
115.789	32764
115.799	32761
115.809	32758
115.819	32748
115.829	32743
115.839	32742
115.849	32734
115.859	32726
115.869	32723
115.879	32718
115.889	32718
115.899	32709
115.909	32694
115.919	32688
115.930	32706
115.939	32704
115.949	32715
115.959	32727
115.969	32746
115.979	32760
115.989	32770
115.999	32779
116.009	32795
116.019	32813
116.029	32827
116.039	32819
116.049	32805
116.059	32786
116.069	32774
116.079	32769
116.089	32765
116.099	32755
116.109	32727
116.119	32681
116.129	32620
116.139	32579
116.149	32577
116.159	32634
116.169	32709
116.179	32721
116.189	32705
116.199	32648
116.209	32582
116.219	32521
116.229	32481
116.239	32469
116.249	32475
116.259	32507
116.269	32588
116.279	32691
116.289	32749
116.299	32736
116.309	32660
116.319	32596
116.329	32556
116.339	32587
116.349	32660
116.359	32736
116.369	32755
116.379	32716
116.389	32580
116.399	32499
116.409	32499
116.419	32534
116.429	32581
116.439	32646
116.449	32721
116.459	32757
116.469	32761
116.479	32750
116.489	32696
116.499	32662
116.509	32693
116.519	32727
116.529	32741
116.539	32745
116.549	32748
116.559	32736
116.569	32729
116.579	32720
116.589	32725
116.599	32733
116.609	32731
116.619	32742
116.629	32728
116.639	32729
116.649	32731
116.659	32739
116.669	32739
116.679	32736
116.689	32742
116.699	32746
116.709	32750
116.719	32742
116.729	32726
116.739	32699
116.749	32676
116.759	32656
116.769	32667
116.779	32647
116.789	32627
116.799	32607
116.809	32583
116.819	32561
116.829	32553
116.839	32522
116.849	32481
116.859	32449
116.869	32410
116.879	32367
116.889	32320
116.899	32261
116.909	32181
116.919	32149
116.929	32172
116.939	32211
116.949	32262
116.959	32320
116.969	32344
116.979	32345
116.989	32325
116.999	32314
117.009	32315
117.019	32336
117.029	32386
117.039	32436
117.049	32492
117.059	32514
117.069	32560
117.079	32602
117.089	32587
117.099	32553
117.109	32516
117.119	32516
117.129	32585
117.139	32714
117.149	32763
117.159	32771
117.169	32772
117.179	32773
117.189	32776
117.199	32779
117.209	32778
117.219	32775
117.230	32775
117.239	32772
117.249	32773
117.259	32771
117.269	32769
117.279	32760
117.289	32743
117.299	32556
117.309	32469
117.319	32392
117.329	32349
117.339	32333
117.349	32331
117.359	32341
117.369	32361
117.379	32369
117.389	32389
117.399	32402
117.409	32420
117.419	32431
117.429	32441
117.439	32448
117.449	32473
117.459	32481
117.469	32488
117.479	32491
117.489	32498
117.499	32499
117.509	32498
117.519	32499
117.529	32512
117.539	32510
117.549	32521
117.559	32534
117.569	32540
117.579	32534
117.589	32517
117.599	32511
117.609	32525
117.619	32538
117.629	32566
117.639	32595
117.649	32630
117.659	32632
117.669	32639
117.679	32622
117.689	32605
117.699	32602
117.709	32610
117.719	32610
117.729	32625
117.739	32617
117.749	32602
117.759	32579
117.769	32613
117.779	32625
117.789	32659
117.799	32673
117.809	32655
117.819	32633
117.829	32630
117.839	32600
117.849	32580
117.859	32542
117.869	32532
117.879	32528
117.889	32527
117.899	32538
117.909	32548
117.919	32584
117.929	32609
117.939	32616
117.949	32635
117.959	32646
117.969	32663
117.979	32679
117.989	32718
117.999	32739
118.009	32754
118.019	32751
118.029	32732
118.039	32742
118.049	32752
118.059	32769
118.069	32806
118.079	32868
118.089	32949
118.099	33021
118.109	33089
118.119	33149
118.129	33189
118.139	33231
118.149	33288
118.159	33355
118.169	33446
118.179	33529
118.189	33594
118.199	33624
118.209	33649
118.219	33690
118.229	33759
118.239	33826
118.249	33864
118.259	33880
118.269	33879
118.279	33859
118.289	33862
118.299	33895
118.309	33956
118.319	34026
118.329	34086
118.339	34091
118.349	34077
118.359	34068
118.369	34059
118.379	34082
118.389	34117
118.399	34169
118.409	34185
118.419	34156
118.429	34093
118.439	34040
118.449	34007
118.459	33986
118.469	33999
118.479	34009
118.489	34005
118.499	33985
118.509	33968
118.519	33970
118.529	33981
118.539	33991
118.549	34001
118.559	34006
118.569	33994
118.579	33970
118.589	33958
118.599	33982
118.609	34023
118.619	34045
118.629	34017
118.639	33949
118.649	33898
118.659	33862
118.669	33846
118.679	33866
118.689	33901
118.699	33893
118.709	33862
118.719	33793
118.729	33673
118.739	33540
118.749	33361
118.759	33169
118.769	33006
118.779	32879
118.789	32790
118.799	32775
118.809	32766
118.819	32758
118.829	32746
118.839	32723
118.849	32710
118.859	32715
118.869	32706
118.879	32697
118.889	32717
118.899	32719
118.909	32728
118.919	32732
118.929	32732
118.939	32729
118.949	32730
118.959	32723
118.969	32717
118.979	32705
118.989	32664
118.999	32646
119.009	32625
119.019	32606
119.029	32580
119.039	32552
119.049	32527
119.059	32503
119.069	32484
119.079	32471
119.089	32465
119.099	32455
119.109	32452
119.119	32446
119.129	32440
119.139	32439
119.149	32434
119.159	32430
119.169	32431
119.180	32433
119.189	32425
119.199	32418
119.209	32418
119.219	32410
119.229	32407
119.239	32408
119.249	32406
119.259	32406
119.269	32400
119.279	32398
119.289	32396
119.299	32383
119.309	32375
119.319	32362
119.329	32357
119.339	32350
119.349	32344
119.359	32336
119.369	32334
119.379	32332
119.389	32326
119.399	32325
119.409	32320
119.419	32316
119.429	32312
119.439	32308
119.449	32299
119.459	32288
119.469	32281
119.479	32267
119.489	32253
119.499	32242
119.509	32240
119.519	32233
119.529	32235
119.539	32236
119.549	32234
119.559	32226
119.569	32218
119.579	32217
119.589	32215
119.599	32211
119.609	32232
119.619	32242
119.629	32250
119.639	32253
119.649	32269
119.659	32286
119.669	32304
119.679	32321
119.689	32330
119.699	32332
119.709	32344
119.719	32344
119.729	32349
119.739	32355
119.749	32358
119.759	32363
119.769	32365
119.779	32362
119.789	32350
119.799	32336
119.809	32332
119.819	32333
119.829	32335
119.839	32338
119.849	32342
119.859	32345
119.869	32338
119.879	32332
119.889	32327
119.899	32324
119.909	32332
119.919	32346
119.929	32367
119.939	32375
119.949	32385
119.959	32384
119.969	32388
119.979	32379
119.989	32378
119.999	32380
120.009	32376
120.019	32374
120.029	32363
120.039	32350
120.049	32330
120.059	32297
120.069	32275
120.079	32247
120.089	32216
120.099	32182
120.109	32154
120.119	32130
120.129	32101
120.139	32028
120.149	31934
120.159	31861
120.169	31790
120.179	31745
120.189	31704
120.199	31644
120.209	31592
120.219	31517
120.229	31423
120.239	31361
120.249	31323
120.259	31341
120.269	31367
120.279	31367
120.289	31333
120.299	31300
120.309	31279
120.319	31252
120.329	31202
120.339	31127
120.349	31071
120.359	31031
120.369	31020
120.379	31017
120.389	31009
120.399	30952
120.409	30905
120.419	30848
120.429	30816
120.439	30823
120.449	30881
120.459	30973
120.469	31027
120.479	31034
120.489	31021
120.499	31005
120.509	30993
120.519	31008
120.529	31061
120.539	31119
120.549	31174
120.559	31225
120.569	31262
120.579	31287
120.589	31307
120.599	31343
120.609	31417
120.619	31535
120.629	31672
120.639	31816
120.649	31944
120.659	32055
120.669	32146
120.679	32221
120.689	32277
120.699	32322
120.709	32362
120.719	32410
120.729	32447
120.739	32476
120.749	32523
120.759	32554
120.769	32612
120.779	32636
120.789	32668
120.799	32687
120.809	32712
120.819	32724
120.829	32736
120.839	32743
120.849	32756
120.859	32760
120.869	32758
120.879	32758
120.889	32754
120.899	32750
120.909	32743
120.919	32740
120.929	32740
120.939	32736
120.949	32735
120.959	32722
120.969	32707
120.979	32695
120.989	32685
120.999	32673
121.009	32670
121.019	32651
121.029	32651
121.039	32664
121.049	32663
121.059	32674
121.069	32679
121.079	32679
121.089	32678
121.099	32683
121.109	32680
121.119	32678
121.129	32684
121.139	32677
121.149	32647
121.159	32640
121.169	32630
121.179	32629
121.189	32610
121.199	32608
121.209	32612
121.219	32607
121.229	32602
121.239	32592
121.249	32595
121.259	32603
121.269	32608
121.279	32602
121.289	32560
121.299	32500
121.309	32460
121.319	32436
121.329	32431
121.339	32428
121.349	32435
121.359	32441
121.369	32454
121.379	32445
121.389	32435
121.399	32404
121.409	32374
121.419	32321
121.429	32251
121.439	32146
121.449	32024
121.459	31911
121.469	31779
121.479	31647
121.489	31506
121.499	31363
121.509	31244
121.519	31126
121.529	31018
121.539	30883
121.549	30737
121.559	30604
121.569	30492
121.579	30427
121.589	30387
121.599	30369
121.609	30356
121.619	30320
121.629	30254
121.639	30167
121.649	30094
121.659	30036
121.669	30017
121.679	30006
121.689	30003
121.699	29980
121.709	29926
121.719	29860
121.729	29809
121.739	29783
121.749	29771
121.759	29778
121.769	29788
121.779	29773
121.789	29760
121.799	29743
121.809	29741
121.819	29779
121.829	29818
121.839	29853
121.849	29887
121.860	29944
121.869	29982
121.879	30054
121.889	30149
121.899	30257
121.909	30394
121.919	30507
121.930	30653
121.939	30763
121.949	30912
121.959	31074
121.969	31228
121.979	31378
121.989	31527
121.999	31673
122.009	31804
122.019	31916
122.029	32016
122.039	32098
122.049	32165
122.059	32226
122.069	32275
122.081	32319
122.089	32343
122.099	32377
122.109	32410
122.119	32433
122.129	32445
122.139	32459
122.149	32484
122.159	32531
122.169	32584
122.179	32603
122.189	32623
122.199	32637
122.209	32641
122.220	32646
122.229	32657
122.239	32641
122.249	32643
122.259	32636
122.269	32652
122.279	32635
122.289	32639
122.299	32647
122.309	32647
122.319	32648
122.329	32644
122.339	32633
122.349	32629
122.359	32626
122.369	32628
122.379	32622
122.389	32635
122.399	32632
122.409	32646
122.419	32636
122.429	32643
122.439	32642
122.449	32642
122.459	32642
122.469	32648
122.479	32633
122.489	32621
122.499	32620
122.509	32620
122.519	32622
122.529	32619
122.539	32624
122.549	32630
122.559	32616
122.569	32617
122.579	32612
122.589	32610
122.599	32606
122.609	32618
122.619	32612
122.629	32619
122.639	32613
122.649	32619
122.659	32633
122.669	32641
122.679	32643
122.689	32634
122.699	32645
122.709	32645
122.719	32642
122.729	32651
122.739	32648
122.749	32658
122.759	32636
122.769	32636
122.779	32629
122.789	32642
122.799	32638
122.809	32638
122.819	32632
122.829	32637
122.839	32637
122.849	32628
122.859	32632
122.869	32628
122.879	32633
122.889	32633
122.899	32636
122.909	32630
122.919	32638
122.930	32625
122.939	32624
122.949	32623
122.959	32605
122.969	32608
122.979	32615
122.989	32621
122.999	32613
123.009	32613
123.019	32601
123.029	32587
123.039	32557
123.049	32541
123.059	32523
123.069	32521
123.079	32517
123.089	32514
123.099	32512
123.109	32524
123.119	32525
123.129	32521
123.139	32532
123.149	32553
123.159	32578
123.169	32608
123.179	32633
123.189	32629
123.199	32627
123.209	32612
123.219	32598
123.229	32597
123.239	32588
123.249	32576
123.259	32562
123.269	32567
123.279	32561
123.289	32572
123.299	32570
123.309	32589
123.319	32581
123.329	32599
123.339	32606
123.349	32611
123.359	32612
123.369	32626
123.379	32628
123.389	32631
123.399	32633
123.409	32630
123.419	32629
123.429	32625
123.439	32618
123.449	32634
123.459	32625
123.469	32642
123.479	32629
123.489	32640
123.499	32629
123.509	32624
123.519	32619
123.529	32620
123.539	32606
123.549	32636
123.559	32634
123.569	32647
123.579	32647
123.589	32639
123.599	32636
123.609	32625
123.619	32606
123.629	32596
123.639	32582
123.649	32559
123.659	32530
123.669	32506
123.679	32489
123.689	32479
123.699	32464
123.709	32456
123.719	32437
123.729	32420
123.739	32398
123.749	32384
123.759	32362
123.769	32350
123.779	32321
123.789	32291
123.799	32255
123.809	32215
123.819	32183
123.829	32148
123.839	32103
123.849	32068
123.859	32018
123.869	31968
123.879	31909
123.889	31848
123.899	31780
123.909	31725
123.919	31691
123.929	31630
123.939	31564
123.949	31503
123.959	31446
123.969	31400
123.979	31365
123.989	31336
123.999	31312
124.009	31276
124.019	31227
124.029	31184
124.039	31118
124.049	31072
124.059	31039
124.069	31028
124.079	31017
124.089	30984
124.099	30951
124.109	30892
124.119	30822
124.129	30769
124.139	30708
124.149	30664
124.159	30619
124.169	30564
124.179	30512
124.189	30459
124.199	30408
124.209	30364
124.219	30314
124.229	30282
124.239	30257
124.249	30231
124.259	30198
124.269	30182
124.279	30178
124.289	30206
124.299	30256
124.309	30339
124.319	30444
124.329	30486
124.339	30545
124.349	30601
124.359	30668
124.369	30749
124.379	30837
124.389	30930
124.399	31019
124.409	31113
124.419	31221
124.430	31366
124.439	31462
124.449	31574
124.459	31673
124.469	31743
124.479	31816
124.489	31892
124.499	31959
124.509	32020
124.519	32083
124.529	32160
124.539	32212
124.549	32263
124.559	32309
124.569	32346
124.579	32380
124.589	32415
124.599	32436
124.609	32461
124.619	32477
124.629	32501
124.639	32511
124.649	32531
124.659	32538
124.669	32541
124.679	32543
124.689	32557
124.699	32565
124.709	32579
124.719	32581
124.729	32594
124.739	32595
124.749	32597
124.759	32599
124.769	32609
124.779	32608
124.789	32606
124.799	32621
124.809	32624
124.819	32626
124.829	32629
124.839	32619
124.849	32636
124.859	32622
124.869	32628
124.879	32629
124.889	32624
124.899	32622
124.909	32621
124.919	32615
124.929	32626
124.939	32614
124.949	32615
124.959	32615
124.969	32625
124.979	32622
124.989	32630
124.999	32610
125.009	32618
125.019	32620
125.029	32620
125.039	32612
125.049	32621
125.059	32609
125.069	32641
125.079	32625
125.089	32624
125.099	32627
125.109	32620
125.119	32621
125.129	32622
125.139	32606
125.149	32613
125.159	32619
125.169	32625
125.179	32622
125.189	32623
125.199	32625
125.209	32630
125.219	32622
125.229	32638
125.239	32644
125.249	32642
125.259	32653
125.269	32642
125.279	32653
125.289	32640
125.299	32651
125.310	32639
125.319	32654
125.329	32655
125.339	32652
125.350	32653
125.359	32651
125.369	32660
125.379	32658
125.389	32660
125.399	32658
125.409	32664
125.419	32655
125.429	32653
125.439	32655
125.449	32648
125.459	32636
125.469	32645
125.479	32640
125.489	32646
125.499	32642
125.509	32647
125.519	32674
125.529	32659
125.539	32644
125.549	32634
125.559	32620
125.569	32627
125.579	32632
125.589	32637
125.599	32641
125.609	32631
125.619	32605
125.629	32601
125.639	32576
125.649	32598
125.659	32611
125.669	32601
125.679	32583
125.689	32589
125.699	32583
125.709	32588
125.719	32585
125.729	32588
125.739	32609
125.749	32640
125.759	32659
125.769	32666
125.779	32674
125.789	32685
125.799	32702
125.809	32722
125.819	32727
125.829	32737
125.839	32742
125.849	32753
125.859	32755
125.869	32762
125.879	32764
125.889	32766
125.899	32766
125.909	32767
125.919	32766
125.929	32766
125.939	32764
125.949	32761
125.959	32762
125.969	32764
125.979	32765
125.989	32766
125.999	32767
126.009	32766
126.019	32767
126.029	32765
126.039	32766
126.049	32766
126.059	32769
126.069	32770
126.079	32771
126.089	32774
126.099	32774
126.109	32776
126.119	32778
126.129	32781
126.139	32783
126.149	32786
126.159	32787
126.169	32797
126.179	32807
126.189	32820
126.199	32821
126.209	32816
126.219	32827
126.229	32831
126.239	32833
126.249	32836
126.259	32836
126.269	32838
126.279	32834
126.289	32822
126.299	32802
126.309	32789
126.319	32776
126.329	32773
126.339	32771
126.349	32773
126.359	32778
126.369	32782
126.379	32784
126.389	32789
126.399	32796
126.409	32806
126.419	32813
126.429	32818
126.439	32835
126.449	32858
126.459	32868
126.469	32857
126.479	32852
126.489	32842
126.499	32823
126.509	32803
126.519	32789
126.529	32778
126.539	32774
126.549	32774
126.559	32776
126.569	32780
126.579	32784
126.589	32790
126.599	32790
126.609	32791
126.619	32786
126.629	32785
126.639	32783
126.649	32782
126.659	32780
126.669	32776
126.679	32773
126.689	32770
126.699	32770
126.709	32768
126.719	32765
126.729	32764
126.739	32763
126.749	32758
126.759	32758
126.769	32753
126.779	32747
126.789	32742
126.799	32742
126.809	32744
126.819	32744
126.829	32752
126.839	32745
126.849	32750
126.859	32746
126.869	32755
126.879	32753
126.889	32755
126.899	32757
126.909	32757
126.919	32757
126.929	32762
126.939	32762
126.949	32765
126.959	32765
126.969	32767
126.979	32769
126.989	32772
126.999	32778
127.009	32785
127.019	32789
127.029	32797
127.039	32798
127.049	32801
127.059	32800
127.069	32802
127.079	32801
127.089	32798
127.099	32798
127.109	32797
127.119	32794
127.129	32795
127.139	32793
127.149	32792
127.159	32795
127.169	32799
127.179	32797
127.189	32798
127.199	32794
127.209	32796
127.219	32796
127.229	32799
127.239	32799
127.249	32799
127.259	32799
127.269	32801
127.279	32803
127.289	32808
127.299	32806
127.309	32807
127.319	32805
127.329	32801
127.339	32797
127.349	32794
127.359	32791
127.369	32792
127.379	32791
127.389	32789
127.399	32787
127.409	32788
127.419	32789
127.429	32792
127.439	32787
127.449	32789
127.459	32787
127.469	32787
127.479	32785
127.489	32788
127.499	32786
127.509	32788
127.519	32788
127.529	32789
127.539	32788
127.549	32786
127.559	32786
127.569	32786
127.579	32782
127.589	32781
127.599	32775
127.609	32774
127.619	32772
127.629	32771
127.639	32770
127.649	32769
127.659	32768
127.669	32767
127.679	32766
127.689	32764
127.699	32762
127.709	32761
127.719	32759
127.729	32760
127.739	32758
127.749	32758
127.759	32751
127.769	32752
127.779	32748
127.789	32744
127.799	32744
127.809	32747
127.819	32743
127.829	32748
127.839	32744
127.849	32739
127.859	32734
127.869	32734
127.879	32732
127.889	32734
127.899	32725
127.909	32720
127.919	32723
127.929	32715
127.939	32698
127.949	32699
127.959	32686
127.972	32684
127.979	32684
127.989	32684
127.999	32671
128.009	32670
128.019	32661
128.029	32662
128.039	32648
128.049	32636
128.059	32653
128.069	32661
128.079	32663
128.089	32675
128.099	32684
128.109	32696
128.119	32695
128.129	32701
128.139	32700
128.149	32716
128.159	32727
128.169	32734
128.179	32739
128.189	32747
128.199	32749
128.209	32757
128.219	32756
128.229	32762
128.239	32761
128.249	32762
128.259	32760
128.269	32762
128.279	32763
128.289	32764
128.299	32764
128.309	32766
128.319	32766
128.329	32767
128.339	32767
128.349	32768
128.359	32769
128.369	32770
128.379	32771
128.389	32771
128.399	32771
128.409	32771
128.419	32771
128.429	32771
128.439	32770
128.449	32769
128.459	32770
128.469	32771
128.479	32773
128.489	32776
128.499	32776
128.509	32778
128.519	32780
128.529	32779
128.539	32780
128.549	32778
128.559	32778
128.569	32775
128.579	32774
128.589	32775
128.599	32775
128.609	32776
128.619	32777
128.629	32777
128.639	32776
128.649	32777
128.659	32778
128.669	32777
128.679	32776
128.689	32776
128.699	32776
128.709	32776
128.719	32776
128.729	32776
128.739	32776
128.749	32779
128.759	32779
128.769	32781
128.779	32781
128.789	32779
128.799	32777
128.809	32777
128.819	32777
128.829	32777
128.839	32776
128.849	32775
128.859	32775
128.869	32773
128.879	32771
128.889	32770
128.899	32767
128.909	32767
128.919	32766
128.929	32766
128.939	32765
128.949	32764
128.959	32761
128.969	32760
128.979	32759
128.989	32755
128.999	32751
129.009	32752
129.019	32745
129.029	32747
129.039	32744
129.049	32746
129.059	32733
129.069	32720
129.079	32715
129.089	32708
129.099	32712
129.109	32712
129.119	32719
129.129	32719
129.139	32720
129.149	32714
129.159	32707
129.169	32705
129.179	32705
129.189	32695
129.199	32695
129.209	32703
129.219	32703
129.229	32704
129.239	32705
129.249	32707
129.259	32701
129.269	32691
129.279	32694
129.289	32700
129.299	32704
129.309	32711
129.319	32706
129.329	32701
129.339	32695
129.349	32669
129.359	32662
129.369	32658
129.379	32622
129.396	32612
129.399	32618
129.409	32623
129.419	32626
129.429	32625
129.439	32613
129.449	32602
129.459	32601
129.469	32603
129.479	32591
129.489	32581
129.499	32579
129.509	32606
129.519	32609
129.529	32593
129.539	32577
129.549	32572
129.559	32559
129.569	32558
129.579	32557
129.589	32575
129.599	32595
129.609	32596
129.619	32585
129.629	32571
129.639	32562
129.649	32552
129.659	32552
129.669	32589
129.679	32589
129.689	32605
129.699	32601
129.709	32606
129.719	32591
129.729	32592
129.739	32595
129.749	32607
129.759	32618
129.769	32632
129.779	32615
129.789	32610
129.799	32605
129.809	32606
129.819	32606
129.829	32606
129.839	32612
129.849	32635
129.859	32640
129.869	32633
129.879	32609
129.889	32594
129.899	32572
129.909	32541
129.919	32518
129.929	32518
129.939	32515
129.949	32524
129.959	32525
129.969	32530
129.979	32538
129.989	32550
129.999	32566
130.009	32567
130.019	32567
130.029	32568
130.039	32582
130.049	32594
130.059	32604
130.069	32609
130.079	32610
130.089	32620
130.099	32617
130.109	32638
130.121	32623
130.130	32622
130.140	32626
130.149	32619
130.159	32616
130.169	32621
130.179	32611
130.189	32616
130.199	32629
130.209	32620
130.219	32610
130.229	32608
130.239	32589
130.249	32591
130.259	32584
130.269	32592
130.279	32584
130.289	32568
130.299	32569
130.309	32581
130.319	32593
130.329	32589
130.339	32592
130.349	32587
130.359	32583
130.369	32596
130.379	32580
130.389	32578
130.399	32577
130.409	32567
130.419	32558
130.429	32551
130.439	32545
130.449	32544
130.459	32550
130.469	32543
130.479	32557
130.489	32544
130.499	32549
130.509	32543
130.519	32530
130.529	32531
130.539	32534
130.549	32525
130.559	32528
130.569	32543
130.579	32548
130.589	32543
130.599	32529
130.609	32524
130.619	32510
130.629	32512
130.639	32502
130.649	32503
130.659	32510
130.669	32525
130.679	32537
130.689	32547
130.699	32544
130.709	32543
130.719	32542
130.729	32540
130.739	32536
130.749	32561
130.759	32642
130.769	32528
130.779	32498
130.789	32491
130.799	32503
130.809	32519
130.819	32540
130.829	32547
130.839	32536
130.849	32543
130.859	32551
130.869	32569
130.879	32561
130.889	32553
130.899	32551
130.909	32551
130.919	32549
130.929	32554
130.939	32546
130.949	32551
130.959	32558
130.969	32551
130.979	32543
130.989	32567
130.999	32557
131.009	32531
131.019	32526
131.029	32524
131.039	32530
131.049	32526
131.059	32533
131.069	32514
131.079	32486
131.089	32487
131.099	32478
131.109	32619
131.119	32617
131.129	32611
131.139	32617
131.149	32591
131.159	32404
131.169	32695
131.179	32648
131.189	32603
131.199	32520
131.209	32541
131.219	32542
131.229	32551
131.239	32546
131.249	32542
131.259	32546
131.269	32548
131.279	32546
131.289	32544
131.299	32544
131.309	32535
131.319	32534
131.329	32542
131.339	32542
131.349	32546
131.359	32541
131.369	32541
131.379	32536
131.389	32539
131.399	32536
131.409	32541
131.419	32543
131.429	32548
131.439	32549
131.449	32547
131.459	32544
131.469	32546
131.479	32548
131.489	32543
131.499	32551
131.509	32541
131.519	32545
131.529	32546
131.539	32558
131.549	32536
131.559	32534
131.569	32549
131.579	32537
131.589	32547
131.599	32546
131.609	32543
131.619	32541
131.629	32537
131.639	32525
131.649	32540
131.659	32553
131.669	32532
131.679	32535
131.689	32532
131.699	32532
131.709	32518
131.719	32513
131.729	32515
131.739	32511
131.749	32498
131.759	32494
131.769	32493
131.779	32489
131.789	32496
131.799	32493
131.809	32500
131.819	32495
131.829	32490
131.839	32482
131.849	32470
131.859	32460
131.869	32456
131.879	32446
131.889	32444
131.899	32434
131.909	32428
131.919	32429
131.929	32426
131.939	32430
131.949	32436
131.959	32449
131.969	32461
131.979	32475
131.989	32489
132.000	32499
132.009	32505
132.019	32508
132.029	32507
132.039	32511
132.050	32521
132.059	32513
132.069	32507
132.079	32496
132.089	32487
132.099	32477
132.109	32478
132.119	32478
132.129	32497
132.139	32513
132.149	32534
132.159	32541
132.169	32543
132.179	32550
132.189	32549
132.199	32541
132.209	32545
132.219	32542
132.229	32543
132.239	32547
132.249	32540
132.259	32538
132.269	32538
132.279	32539
132.289	32518
132.299	32484
132.309	32454
132.319	32452
132.329	32450
132.339	32443
132.349	32444
132.359	32460
132.369	32484
132.379	32508
132.389	32517
132.399	32515
132.409	32518
132.419	32532
132.429	32547
132.439	32541
132.449	32540
132.459	32540
132.469	32539
132.479	32526
132.489	32525
132.499	32521
132.509	32516
132.519	32519
132.529	32549
132.539	32577
132.549	32661
132.559	32736
132.569	32762
132.579	32769
132.589	32772
132.599	32774
132.609	32774
132.619	32773
132.629	32773
132.639	32775
132.649	32785
132.659	32804
132.669	32839
132.679	32895
132.689	32968
132.699	33039
132.709	33091
132.719	33136
132.729	33183
132.739	33245
132.749	33330
132.759	33501
132.769	33638
132.779	33789
132.789	33939
132.799	34046
132.809	34163
132.819	34294
132.829	34383
132.839	34500
132.849	34593
132.859	34689
132.869	34777
132.879	34856
132.889	34923
132.899	34963
132.909	34985
132.919	35007
132.929	35013
132.939	35025
132.949	35041
132.959	35050
132.969	35067
132.979	35104
132.989	35151
132.999	35207
133.009	35268
133.019	35319
133.029	35307
133.039	35257
133.049	35207
133.059	35181
133.069	35183
133.079	35178
133.089	35178
133.099	35170
133.109	35190
133.119	35203
133.129	35228
133.139	35262
133.149	35276
133.159	35276
133.169	35272
133.179	35283
133.189	35303
133.199	35310
133.209	35318
133.219	35315
133.229	35325
133.239	35319
133.249	35316
133.259	35315
133.269	35332
133.279	35351
133.289	35348
133.299	35338
133.309	35321
133.319	35309
133.329	35286
133.339	35267
133.349	35247
133.359	35215
133.369	35182
133.379	35147
133.389	35110
133.399	35074
133.409	35053
133.419	35034
133.429	35012
133.439	34975
133.449	34934
133.459	34885
133.469	34803
133.479	34571
133.489	34442
133.499	34423
133.509	34359
133.519	34250
133.529	34142
133.539	34040
133.549	33913
133.559	33809
133.569	33685
133.579	33572
133.589	33468
133.599	33359
133.609	33258
133.619	33150
133.629	33061
133.639	32956
133.649	32910
133.659	32869
133.669	32831
133.679	32798
133.689	32781
133.699	32775
133.709	32772
133.719	32771
133.729	32771
133.739	32767
133.749	32761
133.759	32729
133.769	32662
133.779	32615
133.789	32585
133.799	32560
133.809	32560
133.819	32542
133.829	32536
133.839	32535
133.849	32533
133.859	32531
133.869	32535
133.879	32538
133.889	32538
133.899	32542
133.926	32554
133.932	32550
133.939	32552
133.949	32542
133.959	32545
133.969	32579
133.979	32640
133.989	32688
133.999	32718
134.009	32742
134.019	32762
134.029	32768
134.039	32774
134.049	32778
134.059	32781
134.069	32785
134.079	32799
134.089	32828
134.099	32877
134.109	32939
134.119	33007
134.129	33085
134.139	33161
134.149	33285
134.159	33309
134.169	33381
134.179	33488
134.189	33560
134.199	33640
134.209	33724
134.219	33820
134.229	33924
134.239	34030
134.249	34131
134.259	34200
134.269	34268
134.279	34342
134.289	34412
134.299	34492
134.309	34563
134.319	34631
134.329	34675
134.339	34736
134.349	34805
134.359	34901
134.369	34980
134.379	35050
134.389	35110
134.399	35154
134.409	35201
134.419	35259
134.429	35315
134.439	35376
134.449	35425
134.459	35465
134.469	35517
134.479	35534
134.489	35566
134.499	35599
134.509	35623
134.519	35654
134.529	35714
134.539	35763
134.549	35799
134.559	35856
134.569	35888
134.579	35930
134.589	35968
134.599	36006
134.609	36034
134.619	36065
134.629	36107
134.639	36137
134.649	36161
134.659	36192
134.669	36231
134.679	36263
134.689	36305
134.699	36351
134.709	36386
134.719	36404
134.729	36422
134.739	36443
134.749	36465
134.759	36484
134.769	36492
134.779	36493
134.789	36517
134.799	36543
134.809	36557
134.819	36551
134.829	36538
134.839	36506
134.849	36485
134.859	36469
134.869	36432
134.879	36389
134.889	36366
134.899	36339
134.909	36302
134.919	36251
134.929	36221
134.939	36165
134.949	35967
134.959	35862
134.969	35752
134.979	35679
134.989	35555
134.999	35451
135.009	35312
135.019	35169
135.029	35004
135.039	34830
135.049	34643
135.059	34476
135.069	34305
135.079	34138
135.089	33989
135.099	33836
135.109	33720
135.119	33600
135.129	33493
135.139	33383
135.149	33297
135.159	33199
135.169	33108
135.179	33038
135.189	32988
135.199	32928
135.209	32885
135.219	32837
135.229	32798
135.239	32778
135.249	32769
135.259	32759
135.269	32721
135.279	32607
135.289	32545
135.299	32512
135.309	32517
135.319	32527
135.329	32572
135.339	32594
135.349	32641
135.359	32673
135.369	32687
135.379	32728
135.389	32755
135.399	32764
135.409	32771
135.419	32776
135.429	32778
135.439	32778
135.449	32777
135.459	32777
135.469	32777
135.479	32778
135.489	32783
135.499	32793
135.509	32815
135.519	32835
135.529	32854
135.539	32863
135.549	32874
135.559	32880
135.569	32890
135.579	32892
135.589	32896
135.599	32903
135.609	32906
135.619	32912
135.629	32917
135.639	32941
135.649	32937
135.659	32932
135.669	32930
135.679	32928
135.689	32921
135.699	32920
135.709	32923
135.719	32930
135.729	32942
135.739	32941
135.749	32944
135.759	32940
135.769	32934
135.779	32927
135.789	32918
135.799	32917
135.809	32928
135.819	32932
135.829	32932
135.839	32932
135.849	32926
135.859	32922
135.869	32919
135.879	32919
135.889	32918
135.899	32906
135.909	32891
135.919	32872
135.929	32851
135.939	32828
135.949	32818
135.959	32810
135.969	32793
135.979	32782
135.989	32773
135.999	32769
136.009	32766
136.019	32762
136.029	32756
136.039	32744
136.049	32733
136.059	32724
136.069	32742
136.079	32745
136.089	32741
136.099	32736
136.109	32715
136.119	32704
136.129	32707
136.139	32698
136.149	32686
136.159	32678
136.169	32682
136.179	32704
136.189	32727
136.199	32715
136.209	32710
136.219	32695
136.229	32691
136.239	32683
136.249	32673
136.259	32656
136.269	32647
136.279	32652
136.289	32654
136.299	32659
136.309	32669
136.319	32696
136.330	32706
136.339	32714
136.349	32693
136.359	32682
136.369	32664
136.379	32673
136.389	32668
136.399	32668
136.409	32675
136.419	32679
136.429	32689
136.439	32700
136.449	32721
136.459	32725
136.469	32734
136.479	32736
136.489	32730
136.499	32721
136.509	32711
136.519	32678
136.529	32648
136.539	32632
136.549	32629
136.559	32625
136.569	32627
136.579	32624
136.589	32620
136.599	32622
136.609	32614
136.619	32596
136.629	32579
136.639	32552
136.649	32550
136.659	32542
136.669	32535
136.679	32534
136.689	32538
136.699	32538
136.709	32540
136.719	32525
136.733	32519
136.744	32532
136.755	32530
136.759	32530
136.769	32529
136.779	32529
136.789	32511
136.799	32513
136.809	32507
136.819	32505
136.829	32502
136.839	32503
136.849	32506
136.859	32513
136.869	32514
136.879	32510
136.889	32592
136.899	32649
136.909	32647
136.919	32647
136.929	32642
136.939	32632
136.949	32636
136.959	32633
136.969	32635
136.979	32620
136.989	32599
136.999	32529
137.009	32660
137.019	32730
137.029	32744
137.039	32752
137.049	32758
137.059	32749
137.069	32747
137.079	32725
137.089	32701
137.099	32680
137.109	32679
137.119	32670
137.129	32622
137.139	32552
137.149	32492
137.159	32461
137.169	32450
137.179	32444
137.189	32435
137.199	32435
137.209	32445
137.219	32458
137.229	32470
137.239	32474
137.249	32480
137.259	32479
137.269	32485
137.279	32483
137.289	32501
137.299	32530
137.309	32578
137.319	32599
137.330	32629
137.339	32648
137.349	32666
137.359	32685
137.369	32713
137.379	32731
137.389	32743
137.399	32745
137.409	32746
137.419	32738
137.429	32739
137.439	32739
137.449	32735
137.459	32743
137.469	32752
137.479	32761
137.489	32768
137.499	32772
137.509	32781
137.519	32793
137.529	32811
137.539	32829
137.549	32869
137.559	32902
137.569	32911
137.579	32825
137.589	32825
137.599	32856
137.609	32880
137.619	32876
137.629	32867
137.639	32863
137.649	32847
137.659	32834
137.669	32816
137.679	32828
137.689	32806
137.699	32789
137.709	32778
137.719	32774
137.729	32770
137.739	32769
137.749	32772
137.759	32773
137.769	32776
137.779	32773
137.789	32775
137.799	32778
137.809	32778
137.819	32777
137.829	32777
137.839	32776
137.849	32776
137.859	32776
137.869	32776
137.879	32777
137.889	32778
137.899	32778
137.909	32778
137.919	32780
137.929	32778
137.939	32778
137.949	32778
137.959	32778
137.969	32779
137.979	32779
137.989	32784
137.999	32785
138.009	32786
138.019	32789
138.029	32788
138.039	32788
138.049	32791
138.059	32789
138.069	32790
138.079	32792
138.089	32795
138.099	32799
138.109	32805
138.119	32815
138.129	32829
138.139	32845
138.149	32865
138.159	32880
138.169	32916
138.181	32937
138.189	32958
138.199	32984
138.209	33016
138.219	33041
138.229	33077
138.241	33089
138.249	33113
138.259	33150
138.270	33192
138.279	33257
138.289	33329
138.299	33429
138.309	33504
138.319	33587
138.329	33646
138.339	33708
138.349	33787
138.359	33848
138.369	33938
138.379	34033
138.389	34119
138.399	34182
138.409	34233
138.419	34266
138.429	34300
138.439	34334
138.449	34389
138.459	34433
138.469	34502
138.479	34563
138.489	34628
138.499	34701
138.509	34782
138.519	34872
138.529	34958
138.539	35021
138.549	35099
138.559	35194
138.569	35282
138.579	35398
138.589	35517
138.599	35619
138.609	35718
138.619	35808
138.629	35921
138.639	36034
138.649	36139
138.659	36256
138.669	36325
138.679	36392
138.689	36477
138.699	36577
138.709	36684
138.719	36793
138.729	36882
138.739	36976
138.749	37061
138.759	37118
138.769	37139
138.779	37168
138.789	37236
138.799	37296
138.809	37356
138.819	37421
138.829	37487
138.839	37541
138.849	37597
138.859	37638
138.869	37644
138.879	37671
138.889	37693
138.899	37710
138.909	37755
138.919	37835
138.929	37899
138.939	37948
138.949	37971
138.959	37997
138.969	38015
138.979	38030
138.989	38055
138.999	38099
139.009	38126
139.019	38141
139.029	38166
139.039	38159
139.049	38201
139.059	38246
139.069	38272
139.079	38287
139.089	38283
139.099	38285
139.109	38303
139.119	38327
139.129	38370
139.139	38405
139.149	38423
139.159	38425
139.169	38417
139.179	38429
139.189	38445
139.199	38444
139.209	38465
139.219	38484
139.229	38508
139.239	38538
139.249	38569
139.259	38596
139.269	38604
139.279	38650
139.289	38681
139.299	38721
139.309	38746
139.319	38771
139.329	38760
139.339	38778
139.349	38815
139.359	38841
139.369	38844
139.379	38820
139.389	38784
139.399	38751
139.409	38724
139.419	38701
139.429	38686
139.439	38658
139.449	38603
139.459	38508
139.469	38419
139.479	38327
139.489	38282
139.499	38254
139.509	38219
139.519	38154
139.529	38065
139.539	37977
139.549	37865
139.559	37775
139.569	37692
139.579	37600
139.589	37495
139.599	37391
139.609	37255
139.619	37080
139.629	36918
139.639	36731
139.649	36559
139.659	36400
139.669	36220
139.679	35952
139.689	35823
139.699	35592
139.709	35391
139.719	35177
139.729	35008
139.739	34846
139.749	34672
139.759	34494
139.769	34329
139.779	34154
139.789	34001
139.799	33869
139.809	33757
139.819	33649
139.829	33552
139.839	33457
139.849	33368
139.859	33287
139.869	33196
139.879	33132
139.889	33070
139.899	33033
139.909	33002
139.919	32977
139.929	32948
139.939	32930
139.949	32921
139.959	32912
139.969	32913
139.979	32913
139.989	32927
139.999	32948
140.013	32975
140.019	32997
140.029	33042
140.039	33092
140.049	33154
140.059	33211
140.069	33289
140.079	33367
140.089	33510
140.099	33595
140.109	33735
140.119	33852
140.129	33993
140.139	34128
140.149	34267
140.159	34400
140.169	34534
140.179	34693
140.189	34841
140.199	35013
140.209	35183
140.219	35339
140.229	35512
140.239	35684
140.249	35840
140.259	36016
140.269	36173
140.279	36334
140.289	36490
140.299	36688
140.309	36863
140.319	37054
140.329	37242
140.339	37398
140.349	37551
140.359	37644
140.369	37749
140.379	37815
140.389	37909
140.399	38003
140.409	38075
140.419	38148
140.429	38207
140.439	38283
140.449	38288
140.459	38181
140.469	37752
140.479	37354
140.489	37475
140.499	37324
140.509	37286
140.519	37241
140.529	37185
140.539	37087
140.549	37024
140.559	36966
140.569	36910
140.579	36840
140.589	36789
140.599	36711
140.609	36659
140.619	36590
140.629	36523
140.639	36441
140.649	36346
140.659	36230
140.669	36147
140.679	36030
140.689	35893
140.699	35751
140.709	35604
140.719	35503
140.729	35394
140.739	35308
140.749	35227
140.759	35139
140.769	35046
140.779	34956
140.789	34857
140.799	34752
140.809	34645
140.819	34554
140.829	34452
140.839	34379
140.849	34301
140.859	34228
140.869	34160
140.879	34082
140.889	33991
140.899	33911
140.909	33818
140.919	33745
140.929	33686
140.939	33612
140.949	33544
140.959	33502
140.969	33453
140.979	33380
140.989	33320
140.999	33244
141.009	33144
141.019	33096
141.029	33043
141.039	32988
141.049	32950
141.059	32908
141.069	32883
141.079	32859
141.089	32834
141.099	32813
141.109	32798
141.119	32786
141.129	32779
141.139	32773
141.149	32770
141.159	32768
141.169	32768
141.179	32767
141.189	32768
141.199	32767
141.209	32766
141.219	32765
141.229	32765
141.239	32762
141.249	32761
141.259	32762
141.269	32745
141.279	32737
141.289	32694
141.299	32674
141.309	32650
141.319	32619
141.329	32596
141.339	32557
141.349	32510
141.359	32509
141.369	32491
141.379	32429
141.389	32422
141.399	32385
141.409	32356
141.419	32318
141.429	32303
141.439	32288
141.449	32276
141.459	32269
141.469	32268
141.479	32287
141.489	32292
141.499	32292
141.509	32287
141.519	32278
141.529	32293
141.539	32283
141.549	32298
141.559	32336
141.569	32354
141.579	32351
141.589	32359
141.599	32361
141.609	32361
141.619	32358
141.629	32356
141.639	32353
141.649	32347
141.659	32350
141.669	32361
141.679	32383
141.689	32417
141.699	32434
141.709	32433
141.719	32430
141.729	32432
141.739	32433
141.749	32424
141.759	32420
141.769	32418
141.779	32417
141.789	32414
141.799	32413
141.809	32416
141.819	32416
141.829	32423
141.839	32425
141.849	32389
141.859	32414
141.869	32401
141.879	32410
141.889	32420
141.899	32425
141.909	32428
141.919	32428
141.929	32435
141.939	32433
141.949	32432
141.959	32437
141.969	32440
141.979	32443
141.989	32443
141.999	32447
142.009	32452
142.019	32460
142.029	32461
142.039	32464
142.049	32465
142.059	32470
142.069	32467
142.079	32467
142.089	32471
142.099	32473
142.109	32479
142.119	32479
142.129	32488
142.139	32663
142.149	32587
142.159	32665
142.169	32679
142.179	32737
142.189	32759
142.199	32761
142.209	32764
142.219	32765
142.229	32767
142.239	32769
142.249	32774
142.259	32772
142.269	32773
142.279	32778
142.289	32778
142.299	32780
142.309	32780
142.319	32779
142.329	32778
142.339	32778
142.349	32781
142.359	32781
142.369	32781
142.379	32783
142.389	32782
142.399	32780
142.409	32778
142.419	32778
142.429	32778
142.439	32778
142.449	32779
142.459	32778
142.469	32777
142.479	32776
142.489	32779
142.499	32778
142.509	32778
142.519	32778
142.529	32778
142.539	32778
142.549	32779
142.559	32776
142.569	32777
142.579	32777
142.589	32779
142.599	32780
142.609	32779
142.619	32777
142.629	32777
142.639	32779
142.649	32777
142.659	32777
142.669	32777
142.679	32775
142.689	32774
142.699	32772
142.709	32774
142.719	32774
142.729	32775
142.739	32776
142.749	32774
142.759	32775
142.769	32775
142.779	32771
142.789	32492
142.799	32770
142.809	32783
142.819	32779
142.829	32766
142.839	32778
142.849	32774
142.859	32779
142.869	32774
142.879	32777
142.889	32776
142.899	32776
142.909	32777
142.919	32776
142.929	32775
142.939	32776
142.949	32776
142.959	32776
142.969	32777
142.979	32777
142.989	32777
142.999	32779
143.009	32778
143.019	32777
143.029	32776
143.039	32777
143.049	32779
143.059	32778
143.069	32776
143.079	32779
143.089	32779
143.099	32779
143.109	32779
143.119	32777
143.129	32778
143.139	32777
143.149	32779
143.159	32778
143.169	32780
143.179	32779
143.189	32779
143.199	32777
143.209	32778
143.219	32778
143.229	32778
143.239	32779
143.249	32779
143.259	32778
143.269	32778
143.279	32778
143.289	32779
143.299	32778
143.309	32777
143.319	32779
143.329	32778
143.339	32778
143.349	32779
143.359	32779
143.369	32777
143.379	32778
143.389	32779
143.399	32778
143.409	32778
143.419	32776
143.429	32776
143.439	32776
143.449	32778
143.459	32777
143.469	32779
143.479	32779
143.489	32780
143.499	32780
143.509	32781
143.519	32780
143.529	32779
143.539	32777
143.549	32777
143.559	32777
143.569	32779
143.579	32778
143.589	32778
143.599	32776
143.609	32777
143.619	32776
143.629	32774
143.639	32777
143.649	32776
143.659	32776
143.669	32777
143.679	32777
143.689	32776
143.699	32777
143.709	32777
143.719	32776
143.729	32777
143.739	32777
143.749	32777
143.759	32777
143.769	32777
143.779	32777
143.789	32778
143.799	32776
143.809	32777
143.819	32777
143.829	32778
143.839	32777
143.849	32777
143.859	32777
143.869	32778
143.879	32777
143.889	32777
143.899	32775
143.909	32776
143.919	32777
143.929	32778
143.939	32776
143.949	32778
143.959	32777
143.969	32777
143.979	32776
143.989	32777
143.999	32778
144.009	32777
144.019	32777
144.029	32778
144.039	32778
144.049	32776
144.059	32777
144.069	32777
144.079	32777
144.089	32778
144.099	32778
144.109	32777
144.119	32776
144.129	32776
144.139	32777
144.149	32778
144.159	32777
144.169	32778
144.179	32778
144.189	32777
144.199	32777
144.209	32777
144.219	32777
144.229	32778
144.239	32777
144.249	32776
144.259	32776
144.269	32777
144.279	32777
144.289	32777
144.299	32775
144.309	32777
144.319	32776
144.329	32777
144.339	32777
144.349	32777
144.359	32776
144.369	32776
144.380	32776
144.389	32777
144.400	32777
144.409	32778
144.419	32777
144.429	32777
144.439	32777
144.449	32777
144.459	32777
144.469	32777
144.479	32777
144.489	32777
144.499	32777
144.509	32777
144.519	32779
144.529	32778
144.539	32778
144.549	32776
144.559	32777
144.569	32778
144.579	32778
144.589	32778
144.599	32778
144.609	32776
144.619	32777
144.629	32778
144.639	32777
144.649	32778
144.659	32779
144.669	32779
144.679	32779
144.689	32778
144.699	32778
144.709	32778
144.719	32778
144.729	32777
144.739	32778
144.749	32777
144.759	32776
144.769	32776
144.779	32777
144.789	32777
144.799	32778
144.809	32778
144.819	32777
144.829	32777
144.839	32777
144.849	32776
144.859	32777
144.869	32777
144.879	32777
144.889	32778
144.899	32777
144.909	32777
144.919	32779
144.929	32778
144.939	32777
144.949	32777
144.959	32776
144.969	32776
144.979	32777
144.989	32778
144.999	32778
145.009	32779
145.019	32777
145.029	32777
145.039	32777
145.049	32777
145.059	32777
145.069	32777
145.079	32777
145.089	32777
145.099	32777
145.109	32778
145.119	32777
145.129	32777
145.139	32774
145.149	32774
145.159	32772
145.169	32771
145.179	32772
145.189	32771
145.199	32769
145.209	32765
145.219	32762
145.229	32767
145.239	32768
145.249	32767
145.259	32768
145.269	32769
145.279	32770
145.289	32772
145.299	32770
145.309	32764
145.319	32756
145.329	32747
145.339	32732
145.349	32721
145.359	32685
145.369	32646
145.379	32605
145.389	32585
145.399	32581
145.409	32582
145.419	32562
145.429	32558
145.439	32562
145.449	32598
145.459	32635
145.469	32672
145.479	32712
145.489	32745
145.499	32757
145.509	32758
145.519	32760
145.529	32764
145.539	32767
145.549	32765
145.559	32763
145.569	32760
145.579	32757
145.589	32753
145.599	32750
145.609	32746
145.619	32740
145.629	32739
145.639	32724
145.649	32695
145.659	32646
145.669	32591
145.679	32567
145.689	32558
145.699	32577
145.709	32589
145.719	32596
145.729	32596
145.739	32575
145.749	32560
145.759	32556
145.769	32550
145.779	32548
145.789	32540
145.799	32526
145.809	32507
145.819	32475
145.829	32453
145.839	32436
145.849	32429
145.859	32418
145.869	32381
145.879	32334
145.889	32256
145.899	32225
145.909	32160
145.919	32102
145.929	32057
145.939	32037
145.949	32046
145.959	32082
145.969	32146
145.979	32260
145.989	32261
145.999	32160
146.009	32162
146.019	32103
146.029	32075
146.039	32076
146.049	32083
146.059	32080
146.069	32080
146.079	32161
146.089	32188
146.099	32257
146.109	32290
146.119	32305
146.129	32317
146.139	32310
146.149	32293
146.159	32263
146.169	32248
146.179	32235
146.189	32221
146.199	32210
146.209	32201
146.219	32195
146.229	32197
146.239	32202
146.249	32206
146.259	32208
146.269	32196
146.279	32172
146.289	32159
146.299	32146
146.309	32140
146.319	32139
146.329	32136
146.339	32123
146.349	32098
146.359	32067
146.369	32004
146.379	31956
146.389	31910
146.399	31861
146.409	31809
146.419	31759
146.429	31725
146.439	31684
146.449	31661
146.459	31622
146.469	31565
146.479	31491
146.489	31406
146.499	31325
146.509	31260
146.519	31192
146.530	31131
146.539	31068
146.549	31033
146.559	30962
146.569	30879
146.579	30857
146.589	30906
146.599	30969
146.609	31032
146.619	31069
146.629	31090
146.639	31107
146.649	31140
146.659	31177
146.669	31203
146.679	31208
146.689	31217
146.699	31228
146.709	31249
146.719	31267
146.729	31291
146.739	31304
146.749	31309
146.759	31296
146.769	31292
146.779	31283
146.789	31287
146.799	31295
146.809	31312
146.819	31330
146.829	31350
146.841	31364
146.851	31389
146.860	31507
146.871	31561
146.879	31615
146.889	31661
146.899	31689
146.909	31703
146.919	31729
146.929	31778
146.939	31831
146.949	31922
146.959	31974
146.969	32031
146.979	32097
146.989	32203
146.999	32235
147.009	32309
147.019	32381
147.029	32452
147.039	32520
147.049	32638
147.059	32720
147.069	32753
147.079	32761
147.089	32764
147.099	32766
147.109	32767
147.119	32768
147.129	32769
147.139	32770
147.149	32770
147.159	32771
147.169	32949
147.179	32840
147.189	32805
147.199	32806
147.209	32772
147.219	32769
147.229	32772
147.239	32774
147.249	32777
147.259	32793
147.269	32790
147.279	32790
147.289	32790
147.299	32786
147.309	32782
147.319	32780
147.329	32780
147.339	32778
147.349	32779
147.359	32691
147.369	32659
147.379	32690
147.389	32818
147.399	32809
147.409	32796
147.419	32786
147.429	32780
147.439	32719
147.449	32793
147.459	32792
147.469	32769
147.479	32781
147.489	32788
147.499	32772
147.509	32782
147.519	32774
147.529	32779
147.539	32777
147.549	32776
147.559	32777
147.569	32777
147.579	32777
147.589	32777
147.599	32776
147.609	32776
147.619	32777
147.629	32777
147.639	32776
147.649	32777
147.659	32780
147.669	32777
147.679	32776
147.689	32776
147.699	32778
147.709	32777
147.719	32777
147.729	32779
147.739	32781
147.749	32776
147.759	32775
147.769	32777
147.779	32777
147.789	32777
147.799	32776
147.809	32777
147.819	32777
147.829	32776
147.839	32777
147.849	32777
147.859	32778
147.869	32777
147.879	32776
147.889	32776
147.899	32777
147.909	32776
147.919	32776
147.929	32777
147.939	32776
147.949	32777
147.959	32776
147.969	32775
147.979	32776
147.989	32776
147.999	32777
148.009	32777
148.019	32777
148.029	32777
148.039	32776
148.049	32777
148.059	32777
148.069	32777
148.079	32776
148.089	32778
148.099	32776
148.109	32778
148.119	32777
148.129	32776
148.139	32778
148.149	32777
148.159	32777
148.169	32777
148.179	32777
148.189	32778
148.199	32777
148.209	32777
148.219	32776
148.229	32777
148.239	32776
148.249	32777
148.259	32777
148.269	32777
148.279	32776
148.289	32777
148.299	32775
148.309	32778
148.319	32777
148.329	32777
148.339	32776
148.349	32777
148.359	32777
148.369	32778
148.379	32776
148.389	32776
148.399	32778
148.409	32777
148.419	32776
148.429	32776
148.439	32775
148.449	32777
148.459	32777
148.469	32777
148.479	32776
148.489	32776
148.499	32777
148.509	32777
148.519	32778
148.529	32777
148.539	32776
148.549	32777
148.559	32778
148.569	32778
148.579	32778
148.589	32777
148.599	32777
148.609	32778
148.619	32777
148.629	32777
148.639	32776
148.649	32783
148.659	32820
148.669	32869
148.679	32912
148.689	32927
148.699	32933
148.709	32940
148.719	32942
148.729	32952
148.739	32959
148.749	32967
148.759	32966
148.769	32969
148.779	32973
148.789	32986
148.799	33000
148.809	33006
148.819	33006
148.829	33009
148.839	33007
148.849	33012
148.859	32997
148.877	32987
148.895	32980
148.911	32979
148.919	32979
148.929	32979
148.939	32974
148.949	32975
148.959	32972
148.969	32980
148.979	32990
148.989	33001
148.999	33000
149.009	32998
149.019	32996
149.029	32990
149.039	32985
149.049	32985
149.059	32980
149.069	32918
149.079	32953
149.089	32942
149.099	32957
149.109	32958
149.119	32963
149.129	32964
149.139	32956
149.149	32950
149.159	32941
149.169	32938
149.179	32932
149.189	32928
149.199	32928
149.209	32929
149.219	32934
149.229	32944
149.239	32954
149.249	32973
149.259	32990
149.269	33001
149.279	33008
149.289	33014
149.299	33017
149.309	33029
149.319	33034
149.329	33039
149.339	33046
149.349	33054
149.359	33063
149.369	33069
149.379	33077
149.389	33085
149.399	33093
149.409	33107
149.419	33108
149.429	33110
149.439	33115
149.449	33119
149.459	33116
149.469	33116
149.479	33108
149.489	33105
149.499	33101
149.509	33108
149.519	33111
149.529	33117
149.539	33119
149.549	33125
149.559	33126
149.569	33130
149.579	33127
149.589	33128
149.599	33127
149.609	33125
149.619	33124
149.629	33126
149.640	33128
149.654	33130
149.664	33135
149.669	33137
149.679	33139
149.689	33142
149.699	33143
149.709	33150
149.719	33154
149.729	33156
149.739	33157
149.749	33161
149.759	33160
149.769	33165
149.779	33162
149.789	33160
149.799	33166
149.809	33165
149.819	33163
149.829	33166
149.839	33166
149.849	33168
149.859	33170
149.869	33212
149.879	33236
149.889	33252
149.899	33264
149.909	33269
149.919	33280
149.929	33291
149.939	33304
149.949	33321
149.959	33333
149.969	33338
149.979	33331
149.989	33318
149.999	33315
150.009	33325
150.019	33336
150.029	33347
150.039	33358
150.049	33362
150.059	33356
150.069	33355
150.079	33353
150.089	33360
150.099	33369
150.109	33381
150.119	33391
150.129	33401
150.139	33406
150.149	33420
150.159	33423
150.169	33430
150.179	33437
150.189	33445
150.199	33448
150.209	33450
150.219	33443
150.229	33445
150.239	33442
150.249	33452
150.259	33447
150.269	33449
150.279	33442
150.289	33447
150.299	33444
150.309	33445
150.319	33446
150.329	33432
150.339	33419
150.349	33402
150.359	33380
150.369	33361
150.379	33341
150.389	33324
150.399	33299
150.409	33259
150.420	33247
150.429	33214
150.439	33190
150.449	33170
150.459	33150
150.469	33144
150.479	33127
150.489	33121
150.499	33110
150.509	33109
150.519	33110
150.529	33106
150.539	33107
150.549	33110
150.559	33108
150.569	33111
150.579	33109
150.589	33109
150.599	33113
150.609	33111
150.619	33115
150.629	33126
150.639	33142
150.649	33155
150.659	33158
150.669	33157
150.679	33154
150.689	33161
150.699	33171
150.709	33184
150.719	33196
150.729	33214
150.739	33220
150.749	33227
150.759	33228
150.769	33228
150.779	33221
150.789	33220
150.799	33213
150.809	33204
150.819	33197
150.829	33190
150.839	33171
150.849	33157
150.859	33140
150.869	33125
150.879	33108
150.889	33094
150.899	33083
150.909	33068
150.919	33061
150.929	33056
150.939	33051
150.949	33048
150.959	33043
150.969	33040
150.979	33043
150.989	33039
150.999	33033
151.009	33034
151.019	33032
151.029	33027
151.039	33024
151.049	33021
151.059	33015
151.069	33008
151.079	33008
151.089	33006
151.099	32995
151.109	32992
151.119	32986
151.129	32984
151.139	32977
151.149	32974
151.159	32968
151.169	32968
151.179	32957
151.189	32950
151.199	32937
151.209	32927
151.219	32915
151.229	32911
151.239	32893
151.249	32778
151.259	32753
151.269	32875
151.279	32770
151.289	32821
151.299	32772
151.309	32784
151.319	32782
151.329	32776
151.339	32775
151.349	32777
151.359	32776
151.369	32778
151.379	32776
151.389	32777
151.399	32777
151.409	32778
151.419	32777
151.429	32776
151.439	32778
151.449	32777
151.459	32778
151.469	32778
151.479	32776
151.489	32778
151.499	32779
151.509	32795
151.519	32792
151.529	32790
151.539	32790
151.549	32789
151.559	32786
151.569	32783
151.579	32779
151.589	32778
151.599	32776
151.609	32777
151.619	32777
151.629	32777
151.639	32776
151.649	32777
151.659	32779
151.669	32777
151.679	32784
151.689	32804
151.699	32824
151.709	32816
151.719	32813
151.729	32817
151.739	32814
151.749	32812
151.759	32809
151.769	32805
151.779	32794
151.789	32796
151.799	32794
151.809	32794
151.819	32793
151.829	32793
151.839	32789
151.849	32788
151.859	32784
151.869	32779
151.879	32779
151.889	32780
151.899	32780
151.909	32779
151.919	32777
151.929	32778
151.939	32777
151.949	32776
151.959	32775
151.969	32773
151.979	32771
151.989	32773
151.999	32780
152.009	32783
152.019	32782
152.029	32781
152.039	32781
152.049	32784
152.059	32779
152.069	32780
152.079	32778
152.089	32775
152.099	32773
152.109	32772
152.119	32772
152.129	32771
152.139	32773
152.149	32776
152.159	32775
152.169	32777
152.180	32777
152.189	32778
152.199	32776
152.209	32778
152.219	32778
152.229	32777
152.239	32777
152.249	32777
152.259	32773
152.269	32771
152.279	32769
152.289	32769
152.299	32771
152.309	32771
152.319	32771
152.329	32770
152.339	32771
152.349	32771
152.359	32772
152.369	32771
152.379	32770
152.389	32767
152.399	32766
152.409	32767
152.419	32764
152.429	32763
152.439	32760
152.449	32760
152.459	32763
152.469	32766
152.479	32767
152.489	32768
152.499	32769
152.509	32770
152.519	32770
152.529	32769
152.539	32769
152.549	32768
152.559	32769
152.569	32771
152.579	32771
152.589	32775
152.599	32774
152.609	32773
152.619	32775
152.629	32777
152.639	32781
152.649	32791
152.659	32799
152.669	32813
152.679	32823
152.689	32824
152.699	32817
152.709	32807
152.719	32802
152.729	32795
152.739	32794
152.749	32792
152.759	32790
152.769	32781
152.779	32770
152.789	32768
152.799	32768
152.809	32768
152.819	32767
152.829	32767
152.839	32765
152.849	32760
152.859	32745
152.869	32726
152.879	32703
152.889	32719
152.899	32742
152.909	32773
152.919	32774
152.929	32776
152.939	32775
152.949	32774
152.959	32776
152.969	32778
152.979	32776
152.989	32778
152.999	32778
153.009	32778
153.019	32777
153.029	32777
153.039	32777
153.049	32777
153.059	32776
153.069	32778
153.079	32777
153.089	32777
153.099	32776
153.109	32776
153.119	32777
153.129	32778
153.139	32777
153.149	32776
153.159	32775
153.169	32777
153.179	32778
153.189	32779
153.199	32777
153.209	32777
153.219	32777
153.229	32777
153.239	32778
153.249	32777
153.259	32773
153.269	32769
153.279	32769
153.289	32770
153.299	32764
153.309	32765
153.319	32763
153.329	32767
153.339	32765
153.349	32764
153.359	32766
153.369	32768
153.379	32767
153.389	32767
153.399	32767
153.409	32766
153.419	32768
153.429	32770
153.439	32772
153.449	32772
153.459	32772
153.469	32771
153.479	32769
153.489	32771
153.499	32772
153.509	32772
153.519	32770
153.529	32770
153.539	32665
153.549	32736
153.559	32772
153.569	32770
153.579	32692
153.589	32766
153.599	32696
153.609	32715
153.619	32706
153.629	32716
153.639	32719
153.649	32709
153.659	32669
153.669	32612
153.679	32549
153.689	32527
153.699	32514
153.709	32525
153.719	32539
153.729	32541
153.739	32536
153.749	32542
153.759	32542
153.769	32543
153.779	32551
153.789	32553
153.799	32559
153.809	32580
153.819	32577
153.829	32567
153.839	32587
153.849	32587
153.859	32582
153.869	32583
153.879	32576
153.889	32572
153.899	32561
153.909	32558
153.919	32533
153.929	32538
153.939	32539
153.949	32546
153.959	32540
153.969	32547
153.979	32547
153.989	32555
153.999	32566
154.009	32578
154.019	32585
154.029	32595
154.039	32620
154.049	32627
154.059	32606
154.069	32676
154.079	32670
154.089	32743
154.099	32745
154.109	32828
154.119	32753
154.129	32765
154.139	32783
154.149	32771
154.159	32772
154.169	32775
154.179	32774
154.189	32777
154.199	32778
154.209	32777
154.219	32779
154.229	32779
154.239	32780
154.249	32781
154.259	32779
154.269	32778
154.279	32777
154.289	32777
154.299	32777
154.309	32778
154.319	32778
154.329	32778
154.339	32777
154.349	32778
154.359	32778
154.369	32778
154.379	32780
154.389	32780
154.399	32781
154.409	32783
154.419	32782
154.429	32778
154.439	32777
154.449	32776
154.459	32778
154.469	32778
154.479	32777
154.489	32777
154.499	32778
154.509	32777
154.519	32778
154.529	32778
154.539	32777
154.549	32778
154.559	32777
154.569	32777
154.579	32777
154.589	32777
154.599	32777
154.609	32778
154.619	32778
154.629	32778
154.639	32779
154.649	32777
154.659	32777
154.669	32777
154.679	32777
154.689	32776
154.699	32777
154.709	32777
154.719	32778
154.729	32776
154.739	32777
154.749	32777
154.759	32776
154.769	32777
154.779	32777
154.789	32777
154.799	32776
154.809	32777
154.819	32776
154.829	32777
154.839	32777
154.849	32778
154.859	32778
154.869	32779
154.879	32778
154.889	32778
154.899	32777
154.909	32777
154.919	32777
154.929	32776
154.939	32776
154.949	32777
154.959	32777
154.969	32776
154.979	32777
154.989	32777
154.999	32777
155.009	32778
155.019	32777
155.029	32776
155.039	32777
155.049	32777
155.059	32777
155.069	32778
155.079	32777
155.089	32778
155.099	32778
155.109	32776
155.119	32777
155.129	32776
155.139	32776
155.149	32777
155.159	32777
155.169	32778
155.179	32776
155.189	32776
155.199	32777
155.209	32778
155.219	32776
155.229	32777
155.239	32777
155.249	32777
155.259	32777
155.269	32776
155.279	32776
155.289	32777
155.299	32777
155.309	32776
155.319	32777
155.329	32777
155.339	32777
155.349	32776
155.359	32776
155.369	32776
155.379	32776
155.389	32777
155.399	32776
155.409	32775
155.419	32777
155.429	32775
155.439	32777
155.449	32777
155.459	32776
155.469	32778
155.479	32776
155.489	32778
155.499	32776
155.509	32777
155.519	32776
155.529	32777
155.539	32777
155.549	32777
155.559	32778
155.569	32777
155.579	32776
155.589	32778
155.599	32777
155.609	32777
155.619	32778
155.629	32777
155.639	32777
155.649	32776
155.659	32776
155.669	32777
155.679	32776
155.689	32777
155.699	32776
155.709	32777
155.719	32776
155.729	32776
155.739	32776
155.749	32776
155.759	32776
155.769	32776
155.779	32776
155.789	32776
155.799	32777
155.809	32777
155.819	32777
155.829	32776
155.839	32777
155.849	32777
155.859	32776
155.869	32776
155.879	32776
155.889	32777
155.899	32775
155.909	32777
155.919	32776
155.929	32777
155.939	32776
155.949	32776
155.959	32775
155.969	32777
155.979	32777
155.989	32776
155.999	32777
156.009	32777
156.019	32777
156.029	32777
156.039	32776
156.049	32776
156.059	32777
156.069	32776
156.079	32777
156.089	32778
156.099	32777
156.109	32777
156.119	32777
156.129	32776
156.139	32776
156.149	32778
156.159	32777
156.169	32777
156.179	32776
156.189	32776
156.199	32776
156.209	32777
156.219	32777
156.229	32777
156.239	32777
156.249	32777
156.259	32777
156.269	32777
156.279	32777
156.289	32777
156.299	32776
156.309	32777
156.319	32777
156.329	32776
156.339	32777
156.349	32776
156.359	32776
156.369	32777
156.379	32777
156.389	32777
156.399	32776
156.409	32776
156.419	32777
156.429	32778
156.439	32777
156.449	32777
156.459	32778
156.469	32777
156.479	32777
156.489	32777
156.499	32776
156.509	32777
156.519	32776
156.529	32777
156.539	32776
156.549	32777
156.559	32777
156.569	32776
156.579	32776
156.589	32777
156.599	32778
156.609	32777
156.619	32776
156.629	32776
156.639	32776
156.649	32777
156.659	32776
156.669	32777
156.679	32778
156.689	32776
156.699	32776
156.709	32776
156.719	32778
156.729	32776
156.739	32776
156.749	32777
156.759	32776
156.769	32777
156.779	32777
156.790	32776
156.799	32777
156.809	32776
156.819	32777
156.829	32775
156.839	32777
156.849	32776
156.859	32776
156.869	32778
156.879	32775
156.889	32777
156.899	32777
156.909	32777
156.919	32775
156.929	32777
156.939	32778
156.949	32776
156.960	32777
156.969	32776
156.979	32778
156.989	32777
156.999	32776
157.009	32778
157.019	32777
157.029	32776
157.039	32778
157.049	32776
157.059	32777
157.069	32777
157.079	32778
157.089	32777
157.099	32777
157.109	32776
157.119	32777
157.129	32776
157.139	32778
157.149	32776
157.159	32777
157.169	32777
157.179	32776
157.189	32776
157.199	32777
157.209	32778
157.219	32777
157.229	32777
157.239	32778
157.249	32776
157.259	32777
157.269	32777
157.279	32777
157.289	32776
157.299	32776
157.309	32776
157.319	32778
157.329	32777
157.339	32776
157.349	32776
157.359	32776
157.369	32778
157.379	32777
157.389	32777
157.399	32777
157.414	32777
157.419	32777
157.429	32776
157.439	32777
157.449	32776
157.459	32776
157.469	32777
157.479	32776
157.489	32778
157.499	32777
157.509	32777
157.519	32776
157.529	32777
157.539	32778
157.549	32776
157.559	32776
157.569	32777
157.579	32777
157.589	32777
157.599	32777
157.609	32776
157.619	32775
157.629	32776
157.639	32777
157.649	32777
157.659	32777
157.669	32777
157.679	32776
157.689	32777
157.699	32777
157.709	32778
157.719	32777
157.729	32776
157.739	32778
157.749	32777
157.759	32777
157.769	32778
157.779	32776
157.789	32778
157.799	32777
157.809	32776
157.819	32776
157.829	32777
157.839	32775
157.849	32776
157.859	32778
157.869	32777
157.879	32778
157.889	32776
157.899	32775
157.909	32777
157.919	32777
157.929	32776
157.939	32777
157.949	32776
157.959	32777
157.969	32777
157.979	32776
157.989	32777
157.999	32778
158.009	32777
158.019	32778
158.029	32777
158.039	32776
158.049	32776
158.070	32777
158.098	32778
158.141	32779
158.149	32778
158.159	32777
158.169	32777
158.179	32777
158.189	32776
158.199	32777
158.209	32777
158.219	32776
158.229	32776
158.239	32777
158.249	32778
158.259	32777
158.269	32777
158.279	32776
158.289	32776
158.299	32777
158.309	32778
158.319	32776
158.329	32776
158.339	32777
158.349	32776
158.359	32777
158.369	32777
158.379	32778
158.389	32778
158.399	32778
158.409	32776
158.419	32777
158.429	32776
158.439	32777
158.449	32777
158.459	32776
158.469	32777
158.479	32776
158.489	32777
158.499	32777
158.509	32778
158.519	32777
158.529	32778
158.539	32777
158.549	32777
158.559	32777
158.569	32777
158.579	32778
158.589	32777
158.599	32776
158.609	32776
158.619	32778
158.630	32776
158.639	32778
158.649	32776
158.659	32777
158.669	32777
158.679	32776
158.689	32776
158.699	32776
158.709	32777
158.719	32777
158.729	32777
158.739	32777
158.749	32778
158.759	32777
158.769	32777
158.779	32777
158.789	32777
158.799	32777
158.809	32777
158.819	32776
158.829	32777
158.839	32778
158.849	32778
